brand,priority_tier,region,country,activity_name,activity_type,activity_status,start_date,end_date,discovery_date,channel_source,source_url,proof_screenshot,city_or_region,venue,online_offline,product_line,member_only,member_benefit,wecom_or_private_traffic_hook,entry_threshold,signup_flow,target_audience,core_mechanic,ugc_or_creator_mechanic,offer_or_incentive,partnership_or_ip,visual_keyword,engagement_signal,conversion_signal,reuse_score_for_insta360,replication_difficulty,insight_summary,recommendation_for_insta360,owner,review_status,last_updated,link_type,link_note,brand_role,campaign_goal_primary,festival_tag,cooperation_potential,private_traffic_type,conversion_estimate_band
DJI,P0,Global,Global,Introducing DJI Flip: All-in-One Vlog Camera Drone,product_launch,completed,2025/01/14,2025/01/14,2026/06/09,official newsroom,https://www.dji.com/newsroom/news/introducing-dji-flip-all-in-one-vlog-camera-drone,,Global,官网,online,no,,,public,newsroom to product page,vlog creators,easy aerial vlog capture,,,,foldable drone,launch content and product page handoff,clear path to product consideration,5,medium,高重合的影像竞品新品发布样本，适合看新品收口逻辑。,影石可参考新品页到门店试拍和购买的收口链路。,codex-trial,seeded,2026/06/26,detail,活动详情页,direct_competitor,direct_competitor,purchase_conversion,new_year,low,none,1.5%-2.5%
GoPro,P0,USA,USA,GoPro’s New 360 Experience: A Refreshed MAX and All-New Quik Editing Experience with AI-Powered Object Tracking,product_launch,completed,2025/02/18,2025/02/18,2026/06/09,official news,,,USA,官网,online,no,,,public,news article,action camera users,360 product refresh,AI object tracking,,,,product refresh,news coverage,product consideration,4,medium,竞品新品发布但公开证据链不稳定，适合保留做对照样本。,影石可对比竞品在 360 产品焕新时的叙事重点。,codex-trial,seeded_with_inference,2026/06/26,invalid,链接不可直接打开或已失效,direct_competitor,purchase_conversion,spring_launch,low,none,1.5%-2.5%
Huawei,P0,China,China,2026 华为影像大赛全球开赛，此刻由你掌镜，共赴移动影像创作新程,ugc_creator_competition,active,2026/03/23,2026/12/31,2026/06/22,official news article,https://consumer.huawei.com/cn/press/news/2026/huawei-xmage-awards-2026-open-call-for-entries/,,Global / 中国区,官网投稿入口,hybrid,no,投稿后可进入创作者体系,可承接创作者社群,公开投稿,官网报名投稿 -> 作品传播 -> 评选与展映,mobile creators; photography lovers,年度影像赛事征集,作品投稿与话题传播,赛事荣誉与曝光,XMAGE,影像大赛,投稿与作品扩散,创作者线索沉淀与社区回流,5,medium,长期创作者征集样本，兼顾内容传播、社群沉淀和品牌资产积累。,影石可做年度创作征集，把投稿、展映和会员活动打通。,codex-trial,seeded,2026/06/26,detail,活动详情页,adjacent_competitor,adjacent_competitor,content_growth,graduation_season|summer_holiday,low,official_account,6%-8%
Huawei,P1,China,China,2026 XMAGE 共见・深圳启幕 颁发首批“华为影像 XMAGE 特约摄影师”,city_activation,completed,2026/05/16,2026/05/16,2026/06/22,official news article,https://consumer.huawei.com/cn/press/news/2026/xmage-event-sz/,,深圳,城市影像活动,offline,no,摄影师认证与曝光,可承接本地创作者社群,公开参与/受邀,活动宣发 -> 到场参与 -> 内容扩散,photographers; creator community,城市影像活动 + 摄影师认证,现场创作与传播,摄影师认证与曝光,XMAGE,城市影像活动,城市活动与摄影圈层讨论,创作者关系沉淀和后续活动承接,4,medium,本地城市活动与创作者身份体系结合，适合社群运营。,影石可做城市创作者小聚，把试拍、认证和社群承接做成固定动作。,codex-trial,seeded,2026/06/26,detail,活动详情页,adjacent_competitor,adjacent_competitor,community_retention,summer_holiday,medium,official_account,4%-6%
Xiaomi,P0,China,China,小米 FRIEND 会员规则-6月,member_service_activity,active,2026/06/01,2026/06/15,2026/06/15,official membership page,https://www.mi.com/article/detail/d8c2a98d9cd4.html,,全国,小米商城 / 小米之家,hybrid,yes,会员资格与续卡权益,商城与门店消费都可并入会员体系,满足消费或设备条件,登录小米账号 -> 达标领取会员 -> 享受权益,mi fans; smart home users,消费达标 + 设备绑定换取会员权益,,会员身份与续卡资格,,会员规则,商城与门店统一规则,消费与设备绑定同时拉动复购,5,medium,高价值会员体系样本，适合参考门店与电商统一会员成长值。,影石可把设备激活、门店消费和社群任务并入会员成长值。,codex-trial,seeded,2026/06/26,entry,会员规则与转化入口页,adjacent_competitor,adjacent_competitor,member_acquisition,618|summer_holiday,low,app_membership,8%-12%
Samsung,P1,China,China,三星14天无忧试用服务,member_service_activity,active,2026/06/26,2026/07/31,2026/06/26,official campaign page,https://www.samsung.com/cn/offer/galaxy-try-buy/,,全国,三星商城 / 图腾小程序,hybrid,yes,14天试用资格与多机型体验名额,试用后可进一步承接购买与会员触达,保证金与名额限制,活动页浏览机型 -> 立即试用 -> 小程序预约退回或转购买,high-intent premium users,先试后买 + 限量名额 + 保证金机制,,14天试用体验,,无忧试用,限量名额与多机型试用,先体验后购买的决策链路更完整,5,medium,高客单产品的强转化样本，特别适合做高意向用户转化。,影石可做7天试拍或限量试用机制，把观望用户推到门店体验。,codex-trial,seeded,2026/06/26,detail,官方活动页,adjacent_competitor,adjacent_competitor,purchase_conversion,618|summer_holiday,low,mini_program,8%-12%
Samsung,P1,China,China,三星以旧换新夏季档（2026年6月22日起）,member_benefit,active,2026/06/22,2026/06/30,2026/06/26,official campaign page,https://www.samsung.com/cn/offer/trade-in/,,全国,三星商城 / 回收门店,hybrid,yes,至高1000元换新补贴与一站式回收服务,,三星会员ID / 回收旧机,活动页进入 -> 旧机估价 -> 下单新机 -> 上门/快递回收,upgrade users; existing Samsung owners,旧机回收补贴 + 新机购买转化,,至高1000元补贴,,以旧换新 / 夏季档,回收估价与补贴政策,升级购买链路短且补贴明确,5,low,典型的高转化升级型活动页，适合参考补贴和回收一体化逻辑。,影石可做以旧换新夏季档，把旧机回收、配件补贴和门店试拍统一打包。,codex-trial,seeded,2026/06/26,detail,官方活动页,adjacent_competitor,adjacent_competitor,purchase_conversion,618|summer_holiday,low,none,6%-8%
OnePlus,P1,China,China,2026「一加杯」全国电竞赛,community_operation,active,2026/06/26,2026/08/31,2026/06/26,official homepage,https://www.oneplus.com/cn,,全国,赛事报名 / 线下总决赛,hybrid,no,报名参赛、赢奖金、积分与换机权益,赛事报名后可持续导入电竞社区,了解赛事并报名,官网活动卡 -> 了解赛事和报名 -> 晋级与线下决赛,young gamers; esports fans,全国赛事 + 奖金激励 + 社区运营,赛事内容传播与玩家晒图,10万奖金 / 全国大赛积分 / 换机权益,和平精英,全国电竞赛,官方赛事与异地参赛支持,把游戏人群兴趣转成长期品牌社区参与,4,medium,赛事型活动对年轻人群拉新和社群沉淀非常有效。,影石可做运动记录赛或城市挑战赛，把报名、作品上传和门店体验串起来。,codex-trial,seeded_with_inference,2026/06/26,entry,转化入口页,adjacent_competitor,adjacent_competitor,community_retention,summer_holiday,medium,official_account,2.5%-4%
NIO,P0,China,China,NIO App 活动报名与车友社群入口,community_operation,active,2026/06/26,2026/06/26,2026/06/26,official community page,https://www.nio.cn/nio-app,,全国,NIO App,hybrid,yes,App 报名活动、加入社群、积分与服务承接,官方活动报名与车友社群关系长期沉淀,下载并登录NIO App,进入 App -> 浏览官方频道 -> 报名活动 / 加入社群,NIO owners; community members,App 社区 + 活动报名 + 车友社群,车主内容分享,积分 / 活动资格 / 社群关系,,社区 App,官方资讯与活动报名并存,把内容消费转成活动报名和社群加入,5,medium,把内容、活动报名、车友关系和服务放进一个入口，长期留存能力强。,影石可强化 App 或小程序中的活动报名区，让内容浏览直接转报名和入群。,codex-trial,seeded,2026/06/26,entry,转化入口页,offline_scene_brand,offline_scene_brand,community_retention,summer_holiday,medium,app_membership,6%-8%
NIO,P0,China,China,预约试驾-NIO 蔚来官网,test_drive_booking,active,2026/06/15,2026/06/15,2026/06/15,official test-drive page,https://www.nio.cn/test-drive,,全国,蔚来门店 / 试驾路线,hybrid,no,预约后由蔚来专家讲解产品与服务,预约线索可继续沉淀到顾问与用户社群,提交姓名与电话,填写预约信息 -> 分配门店与专家 -> 到店试驾,high intent EV buyers,预约试驾 + 专家讲解,,专家讲解与近距离体验,,预约试驾,表单提交与专家跟进,线索收口非常直接,5,low,这是强转化入口模板，但更适合作为结构参考，不适合作为影石主参考方向。,影石可参考其预约体验表单结构，但不建议作为主首页重点展示。,codex-trial,seeded,2026/06/26,entry,转化入口页,offline_scene_brand,offline_scene_brand,purchase_conversion,summer_holiday,low,store_consultant,8%-12%
BYD,P0,China,China,比亚迪郑州赛车场,store_experience,active,2026/06/15,2026/06/15,2026/06/15,official campaign page,https://www.byd.com/cn/race-track/race-zhengzhou,,河南省,比亚迪郑州赛车场,offline,no,麋鹿测试、金卡纳、智能泊车、AEB 等体验项目,体验后可继续沉淀预约试驾与门店线索,公开访问,查看赛车场页 -> 预约试驾/体验 -> 到场参与,driving enthusiasts; family buyers,驾驶体验区 + 品牌活动,,多项目体验与品牌活动,,赛车场,低门槛体验与活动聚集,把兴趣流量导向门店与试驾,5,medium,固定场地型线下活动样本，特别适合影石做基地合作。,影石可做运动基地、滑板场或骑行营地的试拍合作活动。,codex-trial,seeded_with_inference,2026/06/26,detail,官方活动页,offline_scene_brand,offline_scene_brand,store_visit,summer_holiday,medium,store_consultant,4%-6%
AITO,P0,China,China,鸿蒙智行预约试驾入口,test_drive_booking,active,2026/06/09,2026/06/09,2026/06/09,official test-drive page,https://hima.auto/test-drive/,,全国,鸿蒙智行门店,online,no,预约后可继续跟进顾问和门店,顾问承接与试驾线索沉淀,公开访问,填写表单 -> 分配门店 -> 到店试驾,high intent EV buyers,预约试驾入口,,预约试驾,,预约试驾,公开报名与试驾承接,直接收口销售线索,5,low,仍然是强转化模板，但在影石系统中适合降权保留。 ,保留作预约体验结构参考，不作为核心学习样本。,codex-trial,seeded,2026/06/26,entry,转化入口页,offline_scene_brand,offline_scene_brand,purchase_conversion,summer_holiday,low,store_consultant,8%-12%
Nike,P1,China,China,Nike Membership 官方会员计划,member_benefit,active,2026/06/09,2026/06/09,2026/06/09,official membership page,https://www.nike.com/membership,,全国,Nike App / 门店,hybrid,yes,会员权益、生日礼、专属活动与免邮,可长期沉淀会员关系,公开加入会员,注册会员 -> 获取权益 -> 进入活动和购买链路,young sports users; runners,Nike Membership 长期会员运营,,会员权益与专属服务,,会员计划,长期权益体系,提升复购和线下参与,4,medium,会员体系结构完整，适合影石参考长期权益包设计。,影石可做会员专属活动 + 生日礼 + 配件券 + 试拍优先权。,codex-trial,seeded,2026/06/26,entry,转化入口页,lifestyle_inspiration_brand,lifestyle_inspiration_brand,repurchase,summer_holiday,high,app_membership,4%-6%
lululemon,P1,China,China,lululemon 热汗课程入口,community_operation,active,2026/06/09,2026/06/09,2026/06/09,official content page,https://www.lululemon.cn/article-l-43.html,,全国,门店 / 社群课,offline,no,课程活动与社区连接,活动后适合承接门店社群和长期复访,公开参与,官网内容页 -> 课程报名 -> 到店参与,young women; yoga users,门店课程与社群报名,,课程体验与社区归属感,,热汗课程,课程内容与门店体验,高频复访和社区沉淀,5,medium,社区课是高复购、高到店、高口碑的代表机制。,影石可做固定频次创作工作坊或城市影像课。,codex-trial,seeded,2026/06/26,entry,转化入口页,lifestyle_inspiration_brand,lifestyle_inspiration_brand,community_retention,summer_holiday,high,mini_program,4%-6%
Arc'teryx,P1,China,China,始祖鸟山地课堂 × 小红书第二现场,community_operation,active,2026/06/09,2026/06/09,2026/06/09,award case,https://winner.roifestival.com/cn/winners/detail/98aa5nij,,全国,线下课堂 / 小红书第二现场,hybrid,no,专业课堂与社媒放大,可把社媒内容和线下活动联动沉淀社群,公开参与/公开传播,线下活动 -> 小红书第二现场传播 -> 复访,climbers; outdoor enthusiasts,专业课堂 + 第二现场内容放大,,内容传播与专业认同,,山地课堂 / 第二现场,专业圈层内容传播,带动线下活动和长期认同,5,medium,这是典型的可合作品牌样本，特别适合内容和线下活动联动。,影石可把线下体验课和社媒内容阵地打通，形成第二现场放大器。,codex-trial,seeded_with_inference,2026/06/26,reference,公开参考页,cooperation_candidate,cooperation_candidate,community_retention,summer_holiday,high,official_account,4%-6%
CHAGEE,P1,China,China,霸王茶姬茶小象世界旅行：抽10万张0.01元券,member_benefit,completed,2026/06/05,2026/06/14,2026/06/15,marketing media coverage,https://m.haikou.bendibao.com/youhui/82649.shtm,,全国,微信小程序,hybrid,yes,0.01元饮品券抽奖与多次参与机会,小程序参与后可继续导入社群或会员池,注册或登录小程序,进入小程序活动页 -> 抽券 -> 到店核销,young tea beverage users,小游戏抽券 + 到店核销,社交分享提升参与率,10万张0.01元券,茶小象 IP,世界旅行小游戏,低门槛高频参与,抽券后导向门店消费和复购,4,low,标准的小程序拉新转门店核销模型，很适合做节日前回流。,影石可做节日前小游戏抽券，把配件券或试拍券直接导流到门店。,codex-trial,seeded_with_inference,2026/06/26,reference,公开参考页,youth_traffic_brand,youth_traffic_brand,store_visit,dragon_boat_festival|fathers_day|618,medium,mini_program,4%-6%
Nayuki,P1,China,China,奈雪的茶 × 麦兜联名：198家门店主题店与快乐宝宝节,brand_collab_offline_activation,completed,2026/06/01,2026/06/08,2026/06/15,business media coverage,https://www.ebrun.com/20260602/672153.shtml,,全国,198家主题店,offline,no,主题店打卡和节日限定联名体验,主题店活动后可二次触达会员与复购,公开到店,看到联名宣发 -> 到店打卡 -> 购买联名产品,young families; IP lovers,主题店改造 + 节日联名打卡,门店打卡晒图,联名限定体验,麦兜,主题店 / 快乐宝宝节,线下打卡与社交传播,主题店到店消费与二次复访,5,medium,全国多店同发的主题店活动，特别适合节日窗口联动。,影石可在端午、暑期、七夕做多城快闪门店陈列和打卡位。,codex-trial,seeded_with_inference,2026/06/26,reference,公开参考页,cooperation_candidate,cooperation_candidate,store_visit,childrens_day|summer_holiday,high,wecom_group,6%-8%
ChaPanda,P1,China,China,茶百道猜拳赢好礼：最高领20元喝奶茶金,community_operation,completed,2026/06/05,2026/06/11,2026/06/15,marketing media coverage,https://hz.bendibao.com/youhui/202665/171137.shtm,,全国,微信小程序 / 企业微信群,hybrid,yes,20元喝奶茶金和社群互动福利,活动信息在企业微信群持续触达,加入群聊并进入小程序,群里领活动信息 -> 小程序猜拳 -> 领取喝奶茶金 -> 到店核销,price-sensitive tea users,社群触达 + 小程序猜拳,,20元喝奶茶金,,猜拳小游戏,社群频繁触达,券包直接拉动到店核销,5,low,企微群发 + 小程序小游戏 + 到店核销的典型节日前快速回流模型。,影石可做企微社群专属小游戏券包，先激活老会员再导流到门店。,codex-trial,seeded_with_inference,2026/06/26,reference,公开参考页,youth_traffic_brand,youth_traffic_brand,private_traffic_capture,dragon_boat_festival|fathers_day|618,medium,wecom_group,8%-12%
Guming,P1,China,China,古茗连续五天猜口令抢免单,member_benefit,completed,2026/06/08,2026/06/12,2026/06/15,marketing media coverage,https://m.jm.bendibao.com/news/16359.shtm,,全国,小程序 / 门店核销,hybrid,yes,免单机会与连续5天活动参与感,连续活动适合沉淀成会员日常触达,进入小程序并输入口令,获取口令 -> 小程序参与 -> 领取奖励 -> 门店核销,daily tea drinkers,连续任务 + 口令互动 + 免单激励,口令传播,免单,,连续5天活动,连续打卡与口令传播,高频到店核销与复购,4,low,连续五天滚动运营形成用户惯性参与，适合节日前高频触达。,影石可在节日前做连续3-5天口令解锁券包，保持日更触达。,codex-trial,seeded_with_inference,2026/06/26,reference,公开参考页,youth_traffic_brand,youth_traffic_brand,repurchase,dragon_boat_festival|fathers_day,medium,mini_program,4%-6%
Auntea Jenny,P1,China,China,沪上阿姨10万份0.01元尝新券,member_benefit,completed,2026/05/15,2026/05/17,2026/06/22,marketing media coverage,https://www.sohu.com/a/1022328074_121123818,,全国,沪上阿姨小程序 / 门店核销,hybrid,yes,10万份0.01元新品尝新券,活动入口可持续沉淀到会员触达,进入小程序参与,小程序活动入口 -> 抢券/抽券 -> 到店核销新品,young female beverage users,低价尝新券 + 新品引流,,0.01元尝新券,,尝新券 / 新品试饮,低门槛抢券,新品到店试饮和后续复购,5,low,0.01元尝新券对新品转化非常直接，适合快速引爆到店试用。,影石可做新品体验券或限时配件尝鲜券，用超低门槛换到店试拍。,codex-trial,seeded_with_inference,2026/06/26,reference,公开参考页,youth_traffic_brand,youth_traffic_brand,store_visit,mothers_day|520,medium,mini_program,8%-12%
