brand,priority_tier,region,country,activity_name,activity_type,activity_status,start_date,end_date,discovery_date,channel_source,source_url,proof_screenshot,city_or_region,venue,online_offline,product_line,member_only,member_benefit,wecom_or_private_traffic_hook,entry_threshold,signup_flow,target_audience,core_mechanic,ugc_or_creator_mechanic,offer_or_incentive,partnership_or_ip,visual_keyword,engagement_signal,conversion_signal,reuse_score_for_insta360,replication_difficulty,insight_summary,recommendation_for_insta360,owner,review_status,last_updated,link_type,link_note
DJI,P0,Global,Global,Introducing DJI Flip: All-in-One Vlog Camera Drone,product_launch,completed,2025/01/14,2025/01/14,2026/06/09,official newsroom,https://www.dji.com/newsroom/news/introducing-dji-flip-all-in-one-vlog-camera-drone,,,,online,consumer drone / vlog,no,,,public,newsroom to product page,vlog creators; travel creators; first-time drone users,new-product storytelling around easy aerial vlog capture,,,,foldable drone; easy aerial vlog,official launch content and product page handoff,clear path from launch story to product consideration,5,medium,把复杂影像能力包装成更低门槛的生活记录场景，适合影石新品导流。,影石可为新机做“一看就会拍”主题发布内容，并把直播、短视频和预约链路打通。,codex-seed,seeded,2026/06/09,detail,活动详情页
Apple,P0,Global,USA,Apple’s Worldwide Developers Conference returns the week of June 9,conference,completed,2025/06/09,2025/06/13,2026/06/09,official newsroom,https://www.apple.com/newsroom/2025/03/apples-worldwide-developers-conference-returns-the-week-of-june-9/,,Cupertino / online,Apple Park,hybrid,Apple ecosystem / developer tools,no,,,registration / application,newsroom to developer site,developers; students; creator ecosystem,annual flagship conference with keynote; sessions; special event,community sharing and developer storytelling,,,keynote; labs; platform sessions,week-long program across keynote and online sessions,ecosystem loyalty and developer retention,4,high,用年度旗舰大会把内容教育、社区凝聚和新品能力展示合成一个事件。,影石可做年度创作者大会或用户影像周，把新品、教程、创作者案例和线下体验合并。,codex-seed,seeded,2026/06/09,detail,活动详情页
OPPO,P0,China,China,2025OPPO 开发者大会（ODC25）,conference,completed,2025/10/15,2025/10/15,2026/06/09,official newsroom,https://www.oppo.com/cn/newsroom/press/539/,,Shenzhen,,offline,AI ecosystem / ColorOS,no,,,registration,newsroom to event registration,developers; ecosystem partners; tech enthusiasts,developer conference with ecosystem demos and AI topics,,,,AI ecosystem; live keynote,conference format plus announcements,ecosystem stickiness and community acquisition,3,medium,虽然偏开发者生态，但它展示了 OPPO 如何用大会巩固长期社区关系。,影石可做创作者或开发者开放日，把配件、SDK、拍摄工作流和社区招募绑定。,codex-seed,seeded,2026/06/09,detail,活动详情页
vivo,P0,China,China,vivo人文影像馆武汉启幕，以影像科技重塑零售体验,retail_experience,completed,2025/10/18,2025/10/18,2026/06/09,official news,https://www.vivo.com.cn/news/detail/513,,Wuhan,,offline,smartphone imaging / retail,no,,,public,news article to store visit,mobile photography users; lifestyle recorders,theme image house turning retail into immersive brand experience,,,,humanistic photography; exhibition retail,offline immersive experience,store traffic and hands-on conversion,5,medium,把零售店做成可逛可拍可体验的内容空间，比单纯促销更适合高客单影像产品。,影石可做“城市影像馆”或“第一视角记录馆”，把产品试用、作品展示和入会导流放在同一空间。,codex-seed,seeded,2026/06/09,reference,公开参考页
Samsung,P0,Global,USA,Galaxy Unpacked January 2025: The Next Big Leap in Mobile AI Experiences,product_launch,completed,2025/01/22,2025/01/22,2026/06/09,official newsroom,https://news.samsung.com/us/invitation-galaxy-unpacked-january-2025-next-big-leap-mobile-ai-experiences/,,San Jose / online,San Jose,hybrid,Galaxy smartphones / AI ecosystem,no,,,public livestream,newsroom to livestream and preorder,smartphone users; creators; Samsung members,global launch with livestream and follow-up experience zones,,reservation credit and preorder incentives,,AI experiences; keynote; hands-on,global broadcast and post-event experience spaces,launch to preorder funnel,4,high,发布会之外用体验空间和预约激励延长热度，适合影石新品上市周。,影石可把新品发布拆成直播首发、城市体验站和私域预约试拍三段。,codex-seed,seeded,2026/06/09,detail,活动详情页
LEGO,P0,Global,Global,Celebrate World Play Day 2025,city_activation,completed,2025/06/11,2025/06/11,2026/06/09,official newsroom,https://www.lego.com/en-us/aboutus/news/2025/may/world-play-day-2025,,Shanghai and global cities,city play zones,hybrid,family play / LEGO brand,no,,,public,newsroom to participation and sharing,families; kids; young parents; city lifestyle users,global city activations around a single brand day,share play moments,,UN International Day of Play,city installations; playful workshops,offline city activations and digital campaign,brand affinity and store/community traffic,5,medium,用品牌节日把线下城市活动和线上传播串起来，非常适合影石做内容挑战。,影石可打造年度“全民记录日”，联合门店或商圈做拍摄任务和作品征集。,codex-seed,seeded,2026/06/09,detail,活动详情页
DESCENTE,P0,Japan,Japan,MIZUSAWA DOWN NEW MODEL “MERGE” & “TRIDENT” app pre-sale,member_app_presale,completed,2025/12/05,2025/12/09,2026/06/09,official feature page,https://allterrain.descente.com/story/mizusawa-down-new-modelmerge-trident/,,,,hybrid,technical outerwear,yes,DESCENTE app presale from Dec 5 to Dec 9,app sign-in and app traffic,app registration / login,feature story to app presale and online store,urban outdoor users; fashion-conscious outdoor consumers,story-led product launch with app-only presale,,exclusive early access before normal sale,,technical outerwear; app presale,app-first early sales window,member signup and early conversion before general sale,5,medium,把新品发布和 App 会员先行权益绑定，非常贴近影石会员或企微预售打法。,影石可把新品预约试拍或限定配件首发放进会员或企微专享通道。,codex-seed,seeded,2026/06/09,reference,公开参考页
POP MART,P0,Global,China,POP LAND themed activations and “Wacky Mart” touring exhibitions,ip_exhibition_series,completed,,,2026/06/09,official annual results announcement pdf,https://prod-out-res.popmart.com/cms/ANNUAL_RESULTS_ANNOUNCEMENT_FOR_THE_YEAR_ENDED_31_DECEMBER_2025_AND_CHANGE_IN_USE_OF_PROCEEDS_d210fe53f0.pdf,,Beijing / global key cities,POP LAND / touring exhibitions,offline,IP experience / themed retail,no,,,,annual results to park and exhibition awareness,toy collectors; IP fans; city lifestyle users,theme park performances plus themed meet-and-greet and touring exhibitions,IP installations and social sharing,immersive interactive and shopping experiences,THE MONSTERS; Twinkle Twinkle; MOLLY; DIMOO; HIRONO; Zsiga,IP installations; themed retail; meet-and-greet,40 special external events and multi-city offline exhibitions in 2025,deep fan interaction drives store and park traffic,4,high,把 IP、展陈、演出和零售做成一体化体验，对高黏性用户转化很强。,影石可把作品展、试拍区、限定配件或周边和创作者见面会合并成巡回快闪。,codex-seed,seeded_with_inference,2026/06/09,reference,PDF / 规则 / 证明页
CHAGEE,P0,China,China,霸王茶姬 × 乌镇戏剧节｜以茶会友，扶摇同行,brand_collab_offline_activation,completed,2025/10/16,2025/10/26,2026/06/09,official WeChat article linked from media centre,,,"Wuzhen, Jiaxing",乌镇西栅景区 / 戏剧茶铺,hybrid,tea retail / cultural collab,no,limited cards; themed gifts; related promos,mini-program task page and social follow-up,on-site participation or task completion,official content to mini-program task page or store visit,young urban lifestyle users; culture-curious consumers; social sharers,"IP and festival collab plus pop-up space, check-in tasks and performance interaction",NPC photos and social sharing,limited merchandise and surprise tea gifts,Wuzhen Theatre Festival,theater teahouse; art installation; carnival parade,multi-touchpoint onsite activities across festival,task-driven check-in and drink purchase hooks,5,medium,把文化 IP、快闪空间、打卡任务、小程序激励和门店转化合到一个场景里，非常适合影石参考。,影石可绑定城市文化节或户外赛事做“记录任务”，用限定周边、作品卡和企微社群承接。,codex-seed,seeded_with_inference,2026/06/09,reference,公开参考页
GoPro,P1,Global,USA,GoPro’s New 360 Experience: A Refreshed MAX and All-New Quik Editing Experience with AI-Powered Object Tracking,product_launch,completed,2025/02/18,2025/02/18,2026/06/09,official news,,,,,online,360 camera / editing app,no,Premium and Premium+ cloud editing benefits,,public,news article to product and subscription,action creators; adventurers; 360 creators,hardware refresh launched together with app workflow upgrades,,subscription cloud storage and cloud editing,GoPro Quik App,360 reframing; AI object tracking,hardware plus software narrative in one launch,product purchase plus subscription upsell,5,medium,把硬件上新与编辑工具、订阅权益一并推出，提高了单次发布的转化深度。,影石可把新品、剪辑模板和云服务权益绑在同一发布节奏里。,codex-seed,seeded,2026/06/09,reference,公开参考页
Garmin,P1,China,China,Garmin Run Club 2025 元旦迎新跑,community_run,completed,2025/01/01,2025/01/01,2026/06/09,official club page,https://www.garmin.com.cn/minisite/grc/,,,Garmin Run Club,offline,sports watch / running community,no,,,registration,club page to event participation,runners; smartwatch users; performance athletes,year-round run club with calendarized flagship events,activity photos and finisher sharing,,,group run; warm-up; club atmosphere,persistent event calendar and recurring community scenes,club participation builds hardware consideration and retention,5,low,最容易被影石复用的是固定节奏的社群活动，而不是单次大型发布。,影石可做城市影像跑、骑、徒步记录局，形成每月固定社群活动。,codex-seed,seeded,2026/06/09,reference,公开参考页
Shokz,P1,North America,Canada,Shokz Brand Day Lucky Draw,email_signup_promo,completed,2025/10/16,2025/10/22,2026/06/09,official campaign terms page,,,,,online,open-ear headphones,no,chance to win OpenRun Pro 2,email signup on landing page,email submission,brand day landing page to email capture,runners; cyclists; open-ear audio shoppers,lead capture through giveaway tied to brand day landing page,,lucky draw for OpenRun Pro 2,,brand day; lucky draw,email acquisition tied to campaign entry,lead capture for later conversion campaigns,5,low,把奖品抽奖直接绑定邮箱留资，是很标准的私域蓄水动作。,影石可做新品体验官抽签、免费线下名额或周边抽奖，换取会员或企微线索。,codex-seed,seeded,2026/06/09,reference,活动规则或说明页
Huawei,P0,China,China,HDC 2025 华为开发者大会,conference,completed,2025/06/20,2025/06/22,2026/06/09,official developer conference page,https://developer.huawei.com/consumer/cn/hdc2025/,,Dongguan,松山湖,offline,HarmonyOS ecosystem / developer platform,no,,,public,conference page to registration,developers; ecosystem partners,年度开发者大会与生态路线图发布,,,,,,,4,medium,华为用开发者大会沉淀生态伙伴与技术社群。,影石可做创作者开放日或 SDK 训练营。,codex-recover,seeded_with_inference,2026/06/09,reference,公开参考页
Huawei,P0,China,China,华为影像 XMAGE Awards 2025 共见上海,brand_collab_offline_activation,completed,2025/06/11,2025/10/08,2026/06/09,official press article,https://consumer.huawei.com/cn/press/news/2025/xmage-event-sh/,,Shanghai,,hybrid,mobile imaging / creator community,no,,,public,,mobile photographers; creators,影像赛事与城市展览,creator submission and social exposure,,XMAGE Awards,,,,5,medium,影像赛事和城市展览兼顾内容生产与品牌展示。,影石可复制赛事+城市展览+创作者社群组合。,codex-recover,seeded_with_inference,2026/06/09,detail,活动详情页
Huawei,P0,China,China,华为线下零售门店体验入口,store_experience,ongoing,2026/06/09,2026/06/09,2026/06/09,official retail page,https://consumer.huawei.com/cn/retail/,,,,offline,smartphone retail,no,,,public,,premium device users,门店查询与顾问咨询转化,,,,,,,4,medium,门店入口是典型的线上引流到店基础设施。,影石可把门店试拍和顾问咨询统一收口。,codex-recover,seeded_with_inference,2026/06/09,entry,转化入口页
Huawei,P0,China,China,华为消费者服务活动与到店支持入口,member_service_activity,ongoing,2026/06/09,2026/06/09,2026/06/09,official support page,https://consumer.huawei.com/cn/support/,,,,hybrid,after-sales / user retention,yes,service campaigns and support resources,,public,,existing users; members,服务活动与售后复访,,,,,,,3,medium,售后活动会反向促进复购和会员留存。,影石可做会员服务月与到店设备体检。,codex-recover,seeded_with_inference,2026/06/09,entry,转化入口页
Huawei,P0,China,China,华为社区活动入口,community_operation,ongoing,2026/06/09,2026/06/09,2026/06/09,official community page,https://consumer.huawei.com/cn/community/,,,,online,community / content ecosystem,yes,,,public,,brand community users; creators,社区内容与活动聚合,,,,,,,4,medium,社区阵地适合承接作品活动和长期留存。,影石可做官方创作者社区首页。,codex-recover,seeded_with_inference,2026/06/09,entry,转化入口页
Xiaomi,P0,China,China,New Beginnings：小米北京人车家全生态发布活动,product_launch,completed,2025/06/26,2025/06/26,2026/06/09,official global event page,https://www.mi.com/global/discover/,,Beijing,,hybrid,smartphone / smart home ecosystem,no,,,public,,ecosystem shoppers; urban lifestyle users,人车家全生态发布,,,,,,,5,medium,小米擅长把多产品线打成同一场发布事件。,影石可把相机、配件、软件和服务做一体化套餐发布。,codex-recover,seeded_with_inference,2026/06/09,reference,公开参考页
Xiaomi,P0,China,Global,Xiaomi Launch February 2026,product_launch,completed,2026/02/28,2026/02/28,2026/06/09,official global event page,https://www.mi.com/global/event/2026/xiaomi-launch-february-2026/,,,,hybrid,smartphone / imaging,no,,,public,,technology users; Xiaomi fans,旗舰影像与合作叙事发布,,,,,,,4,medium,旗舰影像和合作叙事适合参考到影像合作品牌活动包装。,影石可围绕合作品牌做联名视觉和内容发布。,codex-recover,seeded_with_inference,2026/06/09,reference,公开参考页
Xiaomi,P0,China,Global,Xiaomi Fan Festival 2026,member_app_presale,completed,2026/04/01,2026/04/30,2026/06/09,official campaign terms page,https://www.mi.com/global/support/terms/xiaomi-fan-festival-2026/,,,,online,membership / commerce promotion,yes,,,public,,Mi community users; repeat buyers,品牌节与会员运营,,,,,,,4,medium,品牌节是典型的高频会员运营工具。,影石可做影石会员月或创作者福利周。,codex-recover,seeded_with_inference,2026/06/09,reference,活动规则或说明页
Xiaomi,P0,China,Global,Xiaomi 客服与线下支持联系入口,store_experience,ongoing,2026/06/09,2026/06/09,2026/06/09,official support page,https://www.mi.com/global/support/contact/,,,,hybrid,support / retail contact,no,,,public,,existing users; new buyers,客服与联系页承接到店支持,,,,,,,3,medium,客服与联系页是私域承接和到店支持的底层入口。,影石可把客服、门店、试拍和维修统一到一个入口。,codex-recover,seeded_with_inference,2026/06/09,entry,转化入口页
Xiaomi,P0,China,Global,Xiaomi Imagery Awards 2025,ugc_creator_competition,ongoing,2026/06/09,2026/06/09,2026/06/09,official campaign page,https://www.mi.com/global/xiaomiImageryawards/,,,,online,mobile imaging / creator community,no,,,public,,mobile photographers; creators,UGC 赛事与作品征集,,,,,,,4,medium,UGC 赛事非常适合影石这类内容驱动型品牌。,影石可做年度影像奖，串联投稿、评选、展览和社群。,codex-recover,seeded_with_inference,2026/06/09,detail,官方活动页
HONOR,P0,China,China,荣耀 500 系列正式发布,product_launch,completed,2025/11/24,2025/11/24,2026/06/09,official news article,https://www.honor.com/cn/news/honor-500-launch/,,,,hybrid,smartphone / AI devices,no,,,public,,mobile users; content creators,主流旗舰发布,,,,,,,4,medium,荣耀 500 的发布方式适合借鉴到年轻用户导向的产品活动。,影石可为 GO 系列做更年轻化的内容场景包装。,codex-recover,seeded_with_inference,2026/06/09,detail,活动详情页
HONOR,P0,China,China,荣耀与中国联通签署战略合作协议,brand_collab_offline_activation,completed,2025/07/18,2025/07/18,2026/06/09,official news article,https://www.honor.com/cn/news/honor-china-unicom-strategic-cooperation/,,,,offline,channel partnership / retail ecosystem,no,,,public,,operator channel users; enterprise partners,渠道合作与门店触点扩张,,,,,,,3,medium,渠道合作类活动更适合放大触点和到店效率。,影石可与渠道方做联合体验日或包场体验。,codex-recover,seeded_with_inference,2026/06/09,detail,活动详情页
HONOR,P0,China,China,荣耀线下零售门店体验入口,store_experience,ongoing,2026/06/09,2026/06/09,2026/06/09,official retail page,https://www.honor.com/cn/retail/,,,,offline,smartphone retail,no,,,public,,young users; gift shoppers,门店查询与到店体验,,,,,,,4,medium,荣耀门店页的作用是把线上热度快速导流到线下触点。,影石可把门店活动、预约体验和会员绑定。,codex-recover,seeded_with_inference,2026/06/09,entry,转化入口页
HONOR,P0,China,China,荣耀服务活动专区,member_service_activity,ongoing,2026/06/09,2026/06/09,2026/06/09,official service activity page,https://www.honor.com/cn/support/activity-list/,,,,hybrid,service / member loyalty,yes,,,public,,existing users; members,服务活动区与售后复访,,,,,,,3,medium,服务活动对高客单硬件的复购和口碑沉淀很关键。,影石可做会员服务月和售后权益活动。,codex-recover,seeded_with_inference,2026/06/09,entry,转化入口页
HONOR,P0,China,China,荣耀 HONOR Talks 城市互动活动,brand_collab_offline_activation,ongoing,2026/06/09,2026/06/09,2026/06/09,official retail campaign page,https://www.honor.com/cn/retail/honor-talks/,,,,offline,brand retail / community,no,,,public,,young users; culture and lifestyle users,城市互动活动与门店引流,,,,,,,4,medium,这种活动兼顾了内容感和到店效率。,影石可做城市分享会、体验会、创作者对谈。,codex-recover,seeded_with_inference,2026/06/09,detail,官方活动页
OnePlus,P0,China,China,OnePlus Photography Awards 2025,ugc_creator_competition,completed,2025/06/01,2025/06/30,2026/06/09,official campaign page,https://www.oneplus.com/cn/photography-awards-2025,,,,online,smartphone imaging / community,no,,,public,,mobile photographers; community users,影像赛事与作品征集,,,,,,,4,medium,UGC 赛事非常适合影石学习。,影石可同步做作品评审、社群分享和优胜者线下展。,codex-recover,seeded_with_inference,2026/06/09,detail,官方活动页
OnePlus,P0,China,China,一加 Ace 6 至尊版发布活动,product_launch,completed,2026/06/05,2026/06/05,2026/06/09,official launch page,https://www.oneplus.com/cn/ace-6-ultra-launch,,,,hybrid,performance smartphone,no,,,public,,performance phone buyers,性能旗舰直播发布,,,,,,,4,medium,一加这种性能机发布适合参考到参数强卖点 + 直播首发转化结构。,影石可为高性能产品做直播首发和限时权益。,codex-recover,seeded_with_inference,2026/06/09,detail,活动详情页
OnePlus,P0,China,China,一加线下门店地图,store_experience,ongoing,2026/06/09,2026/06/09,2026/06/09,official retail map,https://www.oneplus.com/cn/retail/map,,,,offline,smartphone retail,no,,,public,,young tech users,门店地图导流到店,,,,,,,4,medium,门店地图是典型的线上热度导流线下体验入口。,影石可把门店、体验点和城市试拍活动统一聚合。,codex-recover,seeded_with_inference,2026/06/09,entry,转化入口页
OnePlus,P0,China,China,一加邀请有礼,member_referral,ongoing,2026/06/09,2026/06/09,2026/06/09,official referral page,https://www.oneplus.com/cn/invite,,,,online,member referral / commerce,yes,invite rewards,,public,,existing users; members,推荐奖励与裂变,,,,,,,5,medium,推荐奖励极适合影石做社群裂变和会员拉新。,影石可做邀请好友试拍得周边/积分。,codex-recover,seeded_with_inference,2026/06/09,entry,转化入口页
OnePlus,P0,China,China,一加优惠券中心,member_benefit,ongoing,2026/06/09,2026/06/09,2026/06/09,official coupon page,https://www.oneplus.com/cn/coupon,,,,online,coupon / member benefit,yes,coupon and price incentives,,public,,price-sensitive members; repeat buyers,优惠券与直接转化,,,,,,,4,medium,简单粗暴，但对复购和清库存很有效。,影石可把会员券与活动报名绑定。,codex-recover,seeded_with_inference,2026/06/09,entry,转化入口页
BYD,P0,China,China,比亚迪海豹 06EV 广州上市,product_launch,completed,2025/06/11,2025/06/11,2026/06/09,official news listing,https://www.byd.com/cn/news,,Guangzhou,,offline,EV sedan,no,,,public,,mass EV buyers,区域上市活动,,,,,,,4,medium,区域上市活动有助于迅速拉动门店线索和试驾需求。,影石可围绕重点城市做线下体验与限时权益组合。,codex-recover,seeded_with_inference,2026/06/09,reference,公开参考页
BYD,P0,China,China,比亚迪全地形赛车场正式开业,city_activation,completed,2025/08/15,2025/08/15,2026/06/09,official news article,https://www.byd.com/cn/news/2025/detail602,,,,offline,off-road experiential driving,no,,,public,,driving enthusiasts,自有场地体验,,,,,,,4,medium,场地型活动能把复杂产品卖点转成用户可体验内容。,影石可与营地、摄影基地合作搭建固定体验空间。,codex-recover,seeded_with_inference,2026/06/09,detail,活动详情页
BYD,P0,China,China,比亚迪和美的开启智慧家生活解决方案战略合作,brand_collab_offline_activation,completed,2025/11/24,2025/11/24,2026/06/09,official news article,https://www.byd.com/cn/news/2025/detail610,,,,offline,smart home / auto ecosystem,no,,,public,,family users; ecosystem buyers,生态合作场景方案,,,美的,,,,3,medium,生态合作有助于把品牌从单品升级为生活方式方案。,影石可与露营、骑行、户外家居品牌做联合活动。,codex-recover,seeded_with_inference,2026/06/09,detail,活动详情页
BYD,P0,China,China,比亚迪试驾预约入口,test_drive_booking,ongoing,2026/06/09,2026/06/09,2026/06/09,official test-drive page,https://www.byd.com/cn/test-driver,,,,online,vehicle sales conversion,no,,,public,,mass EV buyers,试驾预约与线索收口,,,,,,,5,medium,试驾预约是车企最强的线索收口页面之一。,影石可以做预约试拍主入口并配顾问跟进。,codex-recover,seeded_with_inference,2026/06/09,entry,转化入口页
BYD,P0,China,China,比亚迪王朝门店查询入口,store_experience,ongoing,2026/06/09,2026/06/09,2026/06/09,official store page,https://www.byd.com/cn/dynasty-home/find-store,,,,offline,showroom / retail,no,,,public,,family buyers,王朝门店分流,,,,,,,4,medium,按产品线拆门店更容易承接高意向用户。,影石可按产品线拆分体验点和预约入口。,codex-recover,seeded_with_inference,2026/06/09,entry,转化入口页
BYD,P0,China,China,比亚迪海洋门店查询入口,store_experience,ongoing,2026/06/09,2026/06/09,2026/06/09,official store page,https://www.byd.com/cn/ocean-home/find-store,,,,offline,showroom / retail,no,,,public,,young buyers,海洋门店分流,,,,,,,4,medium,年轻向产品线更适合单独的门店表达。,影石可对 GO 系列做年轻化体验入口。,codex-recover,seeded_with_inference,2026/06/09,entry,转化入口页
NIO,P0,China,China,NIO Day 2025 将在杭州举办,city_activation,completed,2025/08/25,2025/08/25,2026/06/09,official news listing,,,Hangzhou,,offline,premium EV / owner community,no,,,public,,premium EV owners; brand community,年度品牌日与城市落地,,,,,,,5,medium,品牌日更像高净值用户关系运营，而不只是一次发布会。,影石可做年度创作者日或用户大会。,codex-recover,seeded_with_inference,2026/06/09,reference,公开参考页
NIO,P0,China,China,NIO All-New ES8 开启预订,member_app_presale,completed,2025/08/21,2025/08/21,2026/06/09,official news article,,,,,online,premium EV / member ecosystem,yes,pre-order benefits and repurchase vouchers,,public,,premium EV owners,预订权益与老车主转化,,,,,,,5,medium,蔚来非常擅长把老用户权益和新车预订绑定起来。,影石可做老用户专属升级、预订和积分权益。,codex-recover,seeded_with_inference,2026/06/09,detail,活动详情页
NIO,P0,China,China,NIO ES9 正式发布,product_launch,completed,2026/05/27,2026/05/27,2026/06/09,official news article,,,,,hybrid,premium executive EV,no,,,public,,premium executive users,发布即交付,,,,,,,4,medium,发布即交付/即体验的节奏很适合高客单产品。,影石可尝试新品发布当周开放核心城市试拍。,codex-recover,seeded_with_inference,2026/06/09,detail,活动详情页
NIO,P0,China,China,NIO Summer 2025 社区派对与主题试驾,community_operation,completed,2025/07/01,2025/08/31,2026/06/09,official monthly update,,,,,offline,owner community / lifestyle events,no,,,public,,owners; prospects,社区派对与主题试驾,,,,,,,5,medium,这是非常接近影石可复用的社区运营打法。,影石可做夏季城市记录季，结合主题试拍和线下社群活动。,codex-recover,seeded_with_inference,2026/06/09,reference,公开参考页
NIO,P0,China,China,蔚来 80 万台下线暨 ONVO L90 试驾开放,test_drive_booking,completed,2025/07/24,2025/07/24,2026/06/09,official news article,,,,,offline,family SUV,no,,,public,,family users; prospective buyers,试驾开放与城市门店名单,,,,,,,5,medium,这个动作本质上是在把新品关注直接导向线下体验。,影石可做试拍开放日 + 城市名单联动。,codex-recover,seeded_with_inference,2026/06/09,detail,活动详情页
NIO,P0,China,China,蔚来进博会官方出行合作,brand_collab_offline_activation,completed,2025/11/04,2025/11/10,2026/06/09,official news article,,,Shanghai,,offline,brand partnership / service experience,no,,,public,,public guests; premium mobility users,大型活动服务合作,,,,,,,4,medium,大型活动服务合作能提升品牌服务心智和口碑。,影石可与大型展会或赛事合作做官方影像服务伙伴。,codex-recover,seeded_with_inference,2026/06/09,detail,活动详情页
Li Auto,P0,China,China,理想汽车首款纯电 SUV 理想 i8 正式发布,product_launch,completed,2025/07/29,2025/07/29,2026/06/09,official news listing,,,,,hybrid,family EV / premium SUV,no,,,public,,family car buyers,家庭场景叙事发布,,,,,,,5,medium,理想非常重家庭使用场景，对影石生活记录产品很有参考价值。,影石可围绕亲子、出行、露营等场景设计活动叙事。,codex-recover,seeded_with_inference,2026/06/09,reference,公开参考页
Li Auto,P0,China,China,理想汽车新形态五座 SUV 理想 i6 正式发布,product_launch,completed,2025/09/26,2025/09/26,2026/06/09,official news article,,,,,hybrid,family EV / lifestyle SUV,no,,,public,,young family users,场景叙事后承接试驾,,,,,,,5,medium,发布会直接承接试驾与限时权益。,影石可围绕生活场景先讲故事，再引导到试拍预约。,codex-recover,seeded_with_inference,2026/06/09,detail,活动详情页
Li Auto,P0,China,China,理想 AI 眼镜 Livis 发布会,conference,completed,2025/12/03,2025/12/03,2026/06/09,official news listing,,,,,offline,AI wearables / ecosystem,no,,,public,,tech enthusiasts; community users,跨品类生态发布,,,,,,,4,medium,跨品类发布有助于把汽车品牌扩展成生活方式品牌。,影石可考虑把相机周边、穿戴或软件服务纳入统一生态叙事。,codex-recover,seeded_with_inference,2026/06/09,reference,公开参考页
Li Auto,P0,China,China,理想线下门店查询入口,store_experience,ongoing,2026/06/09,2026/06/09,2026/06/09,official store page,https://www.lixiang.com/support/store/findus,,,,offline,showroom / service,no,,,public,,family buyers,门店查询与顾问入口,,,,,,,4,medium,门店查询页是标准的线上导流线下基础设施。,影石可加强门店和体验点的聚合入口。,codex-recover,seeded_with_inference,2026/06/09,entry,转化入口页
Li Auto,P0,China,China,理想社区内容与车友活动入口,community_operation,ongoing,2026/06/09,2026/06/09,2026/06/09,official community page,https://www.lixiang.com/community/list,,,,online,community / owner operations,yes,,,public,,existing owners; potential buyers,社区内容与车友活动聚合,,,,,,,4,medium,社区页适合作为内容、活动和用户关系运营阵地。,影石可把用户作品和线下活动放进统一社区频道。,codex-recover,seeded_with_inference,2026/06/09,entry,转化入口页
XPeng,P0,China,China,小鹏汽车 AI Day 2025,conference,completed,2025/11/05,2025/11/05,2026/06/09,official newsroom listing,https://www.xpeng.com/newsroom,,,,offline,smart EV / AI ecosystem,no,,,public,,technology-minded users,AI 技术大会,,,,,,,4,medium,技术大会加强科技品牌心智并向试驾转化。,影石可做影像 AI 能力开放日。,codex-recover,seeded_with_inference,2026/06/09,detail,活动详情页
XPeng,P0,China,Global,XPENG 亮相 Goodwood Festival of Speed,city_activation,completed,2025/07/10,2025/07/13,2026/06/09,official news article,https://www.xpeng.com/news/0197f776723197e8d9368a02811e0074,,Goodwood,,offline,smart EV / global brand,no,,,public,,performance EV users,动态展示与强场景体验,,,,,,,4,medium,强场景活动更能让技术卖点被感知。,影石可在户外、运动或极限场景里做深度体验。,codex-recover,seeded_with_inference,2026/06/09,detail,活动详情页
XPeng,P0,China,Global,XPENG 亮相 IAA Mobility 2025,conference,completed,2025/09/08,2025/09/08,2026/06/09,official news article,https://www.xpeng.com/pressroom/news/01992787505898ee96718a028110008c,,Munich,,offline,smart EV / AI ecosystem,no,,,public,,global media; tech users,国际展会与 AI 生态展示,,,,,,,4,medium,国际展会适合做技术品牌和生态展示。,影石可在国际展会中用完整内容工作流展示产品能力。,codex-recover,seeded_with_inference,2026/06/09,detail,活动详情页
XPeng,P0,China,China,小鹏活动中心,community_operation,ongoing,2026/06/09,2026/06/09,2026/06/09,official events page,https://www.xpeng.com/events,,,,online,brand events / community,no,,,public,,technology-minded users,活动聚合与报名入口,,,,,,,4,medium,活动中心能让零散活动形成体系感。,影石可做活动中心页面，汇总试拍、课程和挑战赛。,codex-recover,seeded_with_inference,2026/06/09,entry,转化入口页
XPeng,P0,China,China,小鹏服务与用户运营入口,member_service_activity,ongoing,2026/06/09,2026/06/09,2026/06/09,official service page,https://www.xpeng.com/service,,,,hybrid,after-sales / owner operations,yes,,,public,,existing users; owners,服务入口与复访,,,,,,,3,medium,售后支持对复购和口碑非常重要。,影石可做会员服务中心。,codex-recover,seeded_with_inference,2026/06/09,entry,转化入口页
XPeng,P0,China,China,小鹏门店与试驾中心入口,store_experience,ongoing,2026/06/09,2026/06/09,2026/06/09,official store page,https://store.xpeng.com,,,,offline,showroom / test drive,no,,,public,,tech-savvy prospects,门店与试驾中心入口,,,,,,,5,medium,这是线索转化最清晰的场景之一。,影石可做试拍中心页和顾问分配。,codex-recover,seeded_with_inference,2026/06/09,entry,转化入口页
AITO,P0,China,China,问界 M8 亮相粤港澳大湾区车展,city_activation,completed,2025/06/01,2025/06/08,2026/06/09,public auto media coverage,https://auto.sina.com.cn/newcar/2025-06-01/detail-ineypvcm3774190.shtml,,Shenzhen,粤港澳大湾区车展,offline,premium family EV,no,,,public,,family EV buyers,车展亮相与线下咨询收口,,,,,,,4,medium,车展活动非常适合收口线索和意向试驾。,影石可参考大型展会做内容互动和线索收集。,codex-recover,seeded_with_inference,2026/06/09,reference,公开参考页
AITO,P0,China,China,问界 M8 累计交付突破 17 万辆,community_milestone,completed,2026/04/16,2026/04/16,2026/06/09,public finance media coverage,https://finance.sina.com.cn/stock/estate/integration/2026-04-16/doc-inhuskun1670373.shtml,,,,online,premium family EV,no,,,public,,existing owners; prospective buyers,里程碑增强社会证明,,,,,,,3,medium,交付里程碑对高单价产品的信任转化很关键。,影石可把用户参与里程碑转成传播事件。,codex-recover,seeded_with_inference,2026/06/09,reference,公开参考页
AITO,P0,China,China,鸿蒙智行预约试驾入口,test_drive_booking,ongoing,2026/06/09,2026/06/09,2026/06/09,official test-drive page,https://hima.auto/test-drive/,,,,online,vehicle test drive conversion,no,,,public,,family EV buyers,预约试驾与顾问收口,,,,,,,5,medium,试驾预约是最适合参考给影石的线索收口方式之一。,影石可做预约试拍、预约讲解、预约门店体验。,codex-recover,seeded_with_inference,2026/06/09,entry,转化入口页
AITO,P0,China,China,鸿蒙智行门店查询入口,store_experience,ongoing,2026/06/09,2026/06/09,2026/06/09,official store page,https://hima.auto/store-finder/,,,,offline,showroom / store network,no,,,public,,family EV buyers,门店查询与到店转化,,,,,,,4,medium,到店体验页是最基础但非常有效的转化工具。,影石可做城市体验地图。,codex-recover,seeded_with_inference,2026/06/09,entry,转化入口页
AITO,P0,China,China,鸿蒙智行品牌社区与小程序入口,community_operation,ongoing,2026/06/09,2026/06/09,2026/06/09,official homepage,https://hima.auto/,,,,online,community / private traffic,yes,,,public,,existing users; prospects,首页前置小程序与社群入口,,,,,,,4,medium,私域入口越前置，转化效率通常越高。,影石可把企微、会员和小程序入口前置到首页。,codex-recover,seeded_with_inference,2026/06/09,entry,转化入口页
ZEEKR,P0,China,China,极氪 9X 正式上市,product_launch,completed,2025/09/29,2025/09/29,2026/06/09,public auto media coverage,https://auto.sina.com.cn/newcar/x/2025-09-29/detail-infseqei1595177.shtml,,,,hybrid,premium SUV / smart EV,no,,,public,,premium EV buyers,高端技术旗舰发布,,,,,,,4,medium,高端定位和技术包装值得参考。,影石可对旗舰产品线建立更清晰的高端话语体系。,codex-recover,seeded_with_inference,2026/06/09,reference,公开参考页
ZEEKR,P0,China,China,极氪 9X 在广州车展交付破万,city_activation,completed,2025/11/21,2025/11/21,2026/06/09,public auto media coverage,https://auto.sina.com.cn/news/2025-11-21/detail-infyekye6960670.shtml,,Guangzhou,广州车展,offline,premium SUV / delivery milestone,no,,,public,,premium EV buyers,车展里程碑与交付证明,,,,,,,3,medium,车展+交付里程碑是典型的信任增强打法。,影石可把用户作品数、社群人数等节点做成展会传播点。,codex-recover,seeded_with_inference,2026/06/09,reference,公开参考页
ZEEKR,P0,China,China,极氪 007 GT 试驾预约,test_drive_booking,completed,2025/06/10,2025/06/10,2026/06/09,public auto media coverage,https://www.pcauto.com.cn/aichat/133970.html,,,,online,vehicle test drive conversion,no,,,public,,performance EV buyers,试驾预约与官方小程序引导,,,,,,,4,medium,线上引流到店动作非常直接。,影石可做看内容-立即预约试拍结构。,codex-recover,seeded_with_inference,2026/06/09,reference,公开参考页
ZEEKR,P0,China,China,极氪直营体验店体系扩张,store_experience,completed,2025/06/22,2025/06/22,2026/06/09,public auto media coverage,https://baike.pcauto.com.cn/792058/1550401.html,,,,offline,direct retail / service network,no,,,public,,premium EV buyers,直营体验店与交付体系,,,,,,,3,medium,门店体系本身也是品牌信任感的一部分。,影石可把门店、交付、售后和活动空间做联动。,codex-recover,seeded_with_inference,2026/06/09,reference,公开参考页
ZEEKR,P0,China,China,极氪上门试驾服务,test_drive_booking,completed,2025/06/23,2025/06/23,2026/06/09,public auto media coverage,https://www.pcauto.com.cn/hq/140905.html,,,,offline,home test drive / lead conversion,no,,,public,,premium EV buyers,上门试驾与深度体验,,,,,,,4,medium,上门体验会显著提高高客单产品的成交效率。,影石可给重点客户做上门试拍服务。,codex-recover,seeded_with_inference,2026/06/09,reference,公开参考页
Xiaomi EV,P0,China,China,小米 YU7 正式发布,product_launch,completed,2025/06/26,2025/06/26,2026/06/09,official discover article,https://www.mi.com/global/discover/article?id=5173,,Beijing,,hybrid,electric vehicle / launch conversion,no,,,public,,technology users; Xiaomi fans,汽车新品发售与销售开启,,,,,,,5,medium,发售开启节奏适合参考到新品上线当天的转化设计。,影石可在发售日同步开放会员权益、预约试拍和礼包。,codex-recover,seeded_with_inference,2026/06/09,detail,活动详情页
Xiaomi EV,P0,China,Germany,Xiaomi EV opens Munich R&D center,brand_collab_offline_activation,completed,2025/09/25,2025/09/25,2026/06/09,official discover article,https://www.mi.com/global/discover/article?id=5474,,Munich,,offline,EV / global expansion,no,,,public,,global media; EV community,研发中心开业与技术背书,,,,,,,3,medium,这类活动偏品牌势能，但对国际化和技术信任有价值。,影石可把海外体验中心开业做成传播点。,codex-recover,seeded_with_inference,2026/06/09,detail,活动详情页
Xiaomi EV,P0,China,China,小米汽车销售中心网络扩张,store_experience,completed,2025/08/19,2025/08/19,2026/06/09,official discover article,https://www.mi.com/global/discover/article?id=4969,,,,offline,EV retail network,no,,,public,,EV buyers; Xiaomi fans,销售中心扩张与到店转化,,,,,,,4,medium,门店网络扩张说明流量最终还是要回到线下成交。,影石可优先建设高价值城市触点。,codex-recover,seeded_with_inference,2026/06/09,detail,活动详情页
Xiaomi EV,P0,China,China,小米汽车累计交付突破 30 万辆,community_milestone,completed,2025/11/18,2025/11/18,2026/06/09,official discover article,https://www.mi.com/global/discover/article?id=5369,,,,online,EV social proof / brand trust,no,,,public,,existing owners; prospective buyers,交付里程碑与信任转化,,,,,,,3,medium,交付和用户里程碑能显著提升品牌信任感。,影石可把重要用户量级做成传播节点。,codex-recover,seeded_with_inference,2026/06/09,detail,活动详情页
Xiaomi EV,P0,China,China,小米汽车人车家生态联动发布,product_launch,completed,2025/06/26,2025/06/26,2026/06/09,official global event page,https://www.mi.com/global/discover/,,Beijing,,hybrid,EV / ecosystem,no,,,public,,ecosystem shoppers; EV users,人车家生态联动,,,,,,,4,medium,生态用户池可以直接导入汽车新品。,影石可参考老用户池导入新产品线的发布链路。,codex-recover,seeded_with_inference,2026/06/09,reference,公开参考页
lululemon,P1,China,China,lululemon 2025 夏日乐挑战,community_operation,completed,2025/06/30,2025/08/31,2026/06/09,media coverage referencing store challenge,https://www.vogue.com.cn/fashion/brand_news/news_19257a0029a3476b.html,,China,161 家门店,offline,women's activewear / community,no,,,public,store challenge participation,young women; urban white-collar users,线上报名 + 门店挑战赛,check-in and social content,,,,,,5,medium,这是非常标准的线上引流到店活动结构。,影石可做城市门店拍摄挑战赛。,codex-recover,seeded_with_inference,2026/06/09,reference,公开参考页
lululemon,P1,China,China,lululemon 一起好状态 2025,community_operation,completed,2025/10/29,2025/11/30,2026/06/09,media coverage on city community activation,https://www.vogue.com.cn/fashion/brand_news/news_125158e7dd2109d1.html,,China,35 座城市门店与社区空间,offline,women's activewear / lifestyle,no,,,public,,community fitness users,城市社群活动与门店复访,,,,,,,5,medium,这类活动不仅拉新，也适合老用户复访和复购。,影石可做城市主题体验周。,codex-recover,seeded_with_inference,2026/06/09,reference,公开参考页
lululemon,P1,China,China,lululemon Scuba 天猫超级品牌日,brand_collab_offline_activation,completed,2025/09/16,2025/09/16,2026/06/09,marketing media report,https://www.brandstar.com.cn/news/7771,,,,online,women's activewear / youth lifestyle,yes,brand-day offers,,public,,Gen Z users; fashion-lifestyle buyers,品牌日与商品复购转化,,shopping incentives,,,,,4,medium,品牌日很适合做销量拉升和会员运营。,影石可以围绕年度爆款做品牌日。,codex-recover,seeded_with_inference,2026/06/09,reference,公开参考页
lululemon,P1,China,China,lululemon 热汗课程入口,community_operation,ongoing,2026/06/09,2026/06/09,2026/06/09,official content page,https://www.lululemon.cn/article-l-43.html,,,,offline,women's activewear / community,no,,,public,,yoga users; urban women,门店社群课与复访,,,,,,,5,medium,课程型活动对复访和社区沉淀特别有效。,影石可做固定频次的创作工作坊。,codex-recover,seeded_with_inference,2026/06/09,entry,转化入口页
lululemon,P1,China,China,lululemon 礼品卡,member_benefit,ongoing,2026/06/09,2026/06/09,2026/06/09,official giftcard page,https://www.lululemon.cn/giftcard,,,,online,gift card / repeat purchase,yes,,,public,,gifting buyers; repeat customers,礼品卡与送礼转化,,,,,,,3,medium,礼品卡属于基础复购工具，但很实用。,影石可做品牌礼卡、体验卡和课程卡。,codex-recover,seeded_with_inference,2026/06/09,entry,转化入口页
Salomon,P1,China,China,Salomon TsaiGu Trail 2025,community_run,completed,2025/11/12,2025/11/16,2026/06/09,PR Newswire race release,https://www.prnewswire.com/news-releases/salomons-decade-long-investment-in-chinese-trail-running-culminates-in-dominant-tsaigu-trail-2025-victory-302612908.html,,,,offline,trail running / outdoor community,no,,,public,,trail runners; outdoor enthusiasts,垂类赛事与社群复购,,,,,,,5,medium,这是非常典型的垂类人群深耕型活动。,影石可在高重合运动圈层做年度赛事合作。,codex-recover,seeded_with_inference,2026/06/09,reference,公开参考页
Salomon,P1,China,China,Salomon 成都太古里旗舰店重开,store_experience,completed,2025/12/09,2025/12/09,2026/06/09,Hypebeast retail coverage,https://hypebeast.cn/2025/12/salomon-chengdu-flagship-store-reopening,,Chengdu,太古里旗舰店,offline,outdoor lifestyle / footwear,no,,,public,,young urban outdoor users,旗舰店重开与到店体验,,,,,,,4,medium,旗舰店重开很适合做内容传播和门店引流。,影石可对核心城市体验点做升级开业活动。,codex-recover,seeded_with_inference,2026/06/09,reference,公开参考页
Salomon,P1,China,China,Salomon 安福路概念店,store_experience,ongoing,2026/06/09,2026/06/09,2026/06/09,SGB retail coverage,https://sgbonline.com/salomon-shanghai-anfu-road/,,Shanghai,安福路概念店,offline,outdoor lifestyle / footwear retail,no,,,public,,young urban outdoor users,概念店与城市社群,,,,,,,4,medium,概念店是年轻人和户外用户交汇的好场景。,影石可做主题店或联名店。,codex-recover,seeded_with_inference,2026/06/09,reference,公开参考页
Salomon,P1,China,China,Salomon XT-Whisper × XSneaker 联名活动,brand_collab_offline_activation,completed,2025/09/01,2025/09/30,2026/06/09,Hypebeast collaboration coverage,https://hypebeast.cn/2025/9/salomon-xsneaker-xt-whisper,,,,offline,footwear collaboration / youth lifestyle,no,,,public,,young sneaker users,联名限量发售与排队热度,,,,,,,4,medium,联名限量能快速制造社交热度与排队效应。,影石可做联名配件和限定体验空间。,codex-recover,seeded_with_inference,2026/06/09,reference,公开参考页
Salomon,P1,China,China,Salomon 101FF 独家发售活动,member_benefit,completed,2025/10/15,2025/10/31,2026/06/09,Hypebeast release coverage,https://hypebeast.cn/2025/10/salomon-101ff-exclusive-release,,,,online,footwear drop / repeat purchase,yes,,,public,,loyal Salomon followers,独家发售与老用户回流,,,,,,,4,medium,独家发售有利于制造稀缺和回访。,影石可为会员做限定发售。,codex-recover,seeded_with_inference,2026/06/09,reference,公开参考页
HOKA,P1,China,China,HOKA MAFATE HOUSE 三里屯限时体验空间,brand_collab_offline_activation,completed,2025/08/08,2025/08/17,2026/06/09,DoNews retail campaign coverage,https://www.donews.com/news/detail/8/5886769.html,,Beijing,三里屯,offline,running footwear / fashion crossover,no,,,public,,young runners; fashion-lifestyle users,快闪空间引流到店,,,,,,,5,medium,这种快闪空间非常适合引流、试用和社交传播。,影石可做运动记录主题快闪馆。,codex-recover,seeded_with_inference,2026/06/09,reference,公开参考页
HOKA,P1,China,China,HOKA 飞跑嘉年华 2025,community_run,completed,2025/09/14,2025/09/14,2026/06/09,Hypebeast event coverage,https://hypebeast.cn/2025/9/2025-hoka,,,,offline,running footwear / community,no,,,public,,runners; urban fitness users,跑者嘉年华与社群活动,,,,,,,4,medium,运动社群活动更能建立长期连接。,影石可加强与跑团、骑行俱乐部的固定合作。,codex-recover,seeded_with_inference,2026/06/09,reference,公开参考页
HOKA,P1,China,China,HOKA 全球首家品牌体验中心,store_experience,ongoing,2026/06/09,2026/06/09,2026/06/09,Hypebeast store coverage,https://hypebeast.cn/2025/5/hoka-one-one-shanghai-flagship-inside-look,,Shanghai,,offline,running footwear / premium retail,no,,,public,,young runners; premium sports users,体验中心与试穿转化,,,,,,,5,medium,体验中心是线下转化效率最高的形态之一。,影石可设计一站式内容体验空间。,codex-recover,seeded_with_inference,2026/06/09,reference,公开参考页
HOKA,P1,China,China,HOKA LAB 飞跑研究所,member_service_activity,ongoing,2026/06/09,2026/06/09,2026/06/09,Hypebeast store coverage,https://hypebeast.cn/2025/5/hoka-one-one-shanghai-flagship-inside-look,,,,offline,runner service / loyalty,yes,,,public,,runners; data-minded sports users,体测服务与会员粘性,,,,,,,4,medium,服务型空间更容易建立长期关系。,影石可把课程和售后服务嵌入门店。,codex-recover,seeded_with_inference,2026/06/09,reference,公开参考页
HOKA,P1,China,China,HOKA 中国限定与联名陈列,brand_collab_offline_activation,ongoing,2026/06/09,2026/06/09,2026/06/09,Hypebeast store coverage,https://hypebeast.cn/2025/5/hoka-one-one-shanghai-flagship-inside-look,,,,offline,retail drop / lifestyle,no,,,public,,young runners; trend users,限定陈列与到店复购,,,,,,,4,medium,限定货盘能提高门店复访率。,影石可做城市限定壳、配件和作品卡。,codex-recover,seeded_with_inference,2026/06/09,reference,公开参考页
On,P1,China,China,On 深圳首家旗舰店开业,store_experience,completed,2026/03/05,2026/03/05,2026/06/09,PRNasia retail release,https://www.prnasia.com/story/524203-1.shtml,,Shenzhen,深圳旗舰店,offline,running footwear / premium retail,no,,,public,,urban runners; premium sports users,旗舰店开业与到店体验,,,,,,,4,medium,旗舰店是品牌形象和线下转化的双重抓手。,影石可在旗舰体验点加入内容创作空间。,codex-recover,seeded_with_inference,2026/06/09,reference,公开参考页
On,P1,China,China,On SquadRace 中国首发社区跑,community_run,completed,2026/04/12,2026/04/12,2026/06/09,PRNasia community race release,https://www.prnasia.com/story/528722-1.shtml,,,,offline,running footwear / community,no,,,public,,running community; young professionals,团队赛制社群跑,,,,,,,4,medium,团队机制比单次报名更容易沉淀社群关系。,影石可尝试组队试拍赛。,codex-recover,seeded_with_inference,2026/06/09,reference,公开参考页
On,P1,China,China,On 门店查询入口,store_experience,ongoing,2026/06/09,2026/06/09,2026/06/09,official store locator,https://www.on.com/zh-cn/stores,,,,offline,running footwear / retail,no,,,public,,urban runners; premium sports users,门店查询与到店转化,,,,,,,4,medium,基础入口不花哨，但转化效率很高。,影石可强化城市体验地图。,codex-recover,seeded_with_inference,2026/06/09,entry,转化入口页
On,P1,China,China,On 广州天环店开业跑,community_run,completed,2025/11/21,2025/11/21,2026/06/09,PRNasia retail release,https://www.prnasia.com/story/513138-1.shtml,,Guangzhou,天环店,offline,running footwear / community,no,,,public,,urban runners; premium sports users,门店开业跑与社群拉新,,,,,,,5,medium,这是非常典型的门店社群转化动作。,影石可把门店开业和社群活动做绑定。,codex-recover,seeded_with_inference,2026/06/09,reference,公开参考页
On,P1,China,China,On 成都太古里中国首家旗舰店开幕,store_experience,completed,2025/04/27,2025/04/27,2026/06/09,Hypebeast retail coverage,https://hypebeast.cn/2025/4/on-first-china-flaship-store-chengdu-opening,,Chengdu,太古里旗舰店,offline,running footwear / flagship retail,no,,,public,,young premium runners,中国首家旗舰店开幕,,,,,,,4,medium,旗舰店是长期线下经营的重要抓手。,影石可做城市文化主题体验店。,codex-recover,seeded_with_inference,2026/06/09,reference,公开参考页
Nike,P1,China,China,Nike Membership 官方会员计划,member_benefit,completed,2025/06/09,2025/06/09,2026/06/09,official membership page,https://www.nike.com/membership,,,,online,sportswear / membership,yes,,,public,,young sports users; sneaker users,会员专属权益与复购机制,,,,,,,5,medium,Nike Membership 的核心就是持续复购与专属感。,影石可把会员权益做得更具稀缺性。,codex-recover,seeded_with_inference,2026/06/09,entry,转化入口页
Nike,P1,China,China,Nike 会员店内专属服务,member_service_activity,completed,2025/06/09,2025/06/09,2026/06/09,official in-store services page,https://www.nike.com/membership/in-store-services,,,,offline,sportswear / store services,yes,,,public,,young sports users; sneaker members,店内专属服务与复访,,,,,,,4,medium,服务型权益可以显著提高老用户回访。,影石可做会员到店服务。,codex-recover,seeded_with_inference,2026/06/09,reference,公开参考页
Nike,P1,China,China,Nike 会员专属活动,member_service_activity,completed,2025/06/09,2025/06/09,2026/06/09,official help article,https://www.nike.com/help/a/member-benefits,,,,hybrid,sportswear / member retention,yes,,,public,,young sports users; runners,专属活动与长期留存,,,,,,,4,medium,这套权益结构对复购和留存非常实用。,影石可快速复制这类轻权益体系。,codex-recover,seeded_with_inference,2026/06/09,entry,转化入口页
Nike,P1,China,China,Nike Member Rewards & Offers,member_benefit,ongoing,2026/06/09,2026/06/09,2026/06/09,official membership rewards page,https://www.nike.com/membership/member-rewards/,,,,online,sportswear / member rewards,yes,,,public,,young sports users; sneaker members,奖励页与回访复购,,,,,,,4,medium,轻权益体系对日常复购很有帮助。,影石可从简单券包开始。,codex-recover,seeded_with_inference,2026/06/09,entry,转化入口页
Nike,P1,China,China,Nike By You 定制服务,member_service_activity,ongoing,2026/06/09,2026/06/09,2026/06/09,official member benefits help page,https://www.nike.com/help/a/member-benefits,,,,hybrid,customization / member retention,yes,,,public,,sneaker users; personalization-focused buyers,定制服务与会员专属,,,,,,,4,medium,定制服务兼顾复购和分享传播。,影石可把个性化服务做成会员权益。,codex-recover,seeded_with_inference,2026/06/09,entry,转化入口页
New Balance,P1,China,China,New Balance 204L 上海限时空间,brand_collab_offline_activation,completed,2025/08/29,2025/09/07,2026/06/09,Hypebeast retail pop-up coverage,https://hypebeast.cn/2025/8/new-balance-204l-shanghai-pop-up,,Shanghai,,offline,lifestyle footwear / youth fashion,no,,,public,,young fashion users; sneaker users,限时空间与年轻人打卡,,,,,,,4,medium,New Balance 的限时空间打法很适合品牌氛围营造。,影石可做年轻向城市快闪记录空间。,codex-recover,seeded_with_inference,2026/06/09,reference,公开参考页
New Balance,P1,China,China,New Balance Grey Days 2025,brand_collab_offline_activation,completed,2025/05/02,2025/05/29,2026/06/09,Hypebeast campaign coverage,https://hypebeast.cn/2025/5/new-balance-grey-days-2025-release-info,,,,hybrid,lifestyle footwear / youth campaign,no,,,public,,young sneaker users; fashion-lifestyle users,年度主题活动与复购机制,,,,,,,4,medium,年度主题活动非常适合做内容和交易双收。,影石可做年度记录主题月。,codex-recover,seeded_with_inference,2026/06/09,reference,公开参考页
New Balance,P1,China,China,New Balance 1000 Grey Metallic 发售,brand_collab_offline_activation,completed,2025/07/01,2025/09/30,2026/06/09,Hypebeast release coverage,https://hypebeast.cn/2025/7/new-balance-1000-grey-metallic-m1000f-release-info,,,,online,lifestyle footwear / youth drop,no,,,public,,young sneaker users; trend followers,新品发售与社交讨论,,,,,,,3,medium,这类发售更偏种草，但也能带动复购。,影石可做限定配件周。,codex-recover,seeded_with_inference,2026/06/09,reference,公开参考页
New Balance,P1,China,China,New Balance 中国官网入口,store_experience,ongoing,2026/06/09,2026/06/09,2026/06/09,official homepage,https://www.newbalance.com.cn/,,,,online,sportswear retail / homepage conversion,no,,,public,,young sneaker users; lifestyle buyers,官网首页承接转化,,,,,,,3,medium,官网首页虽然基础，但对转化承接很关键。,影石可在首页前置活动和试拍入口。,codex-recover,seeded_with_inference,2026/06/09,entry,转化入口页
New Balance,P1,China,China,New Balance 会员与复购活动入口,member_benefit,ongoing,2026/06/09,2026/06/09,2026/06/09,official homepage,https://www.newbalance.com.cn/,,,,online,sportswear membership,yes,,,public,,repeat buyers; lifestyle buyers,会员机制与品牌活动承接,,,,,,,3,medium,虽然入口不显性，但品牌首页是活动与复购的承接总入口。,影石可在会员入口聚合权益与活动。,codex-recover,seeded_with_inference,2026/06/09,entry,转化入口页
Arc'teryx,P1,China,China,始祖鸟北京 ARC’LOUNGE 出发地,store_experience,completed,2025/08/18,2025/08/18,2026/06/09,business media coverage,https://www.eeo.com.cn/2025/0818/745382.shtml,,Beijing,北京三里屯,offline,premium outdoor / retail experience,no,,,public,,premium outdoor users,高端门店与身份认同,,,,,,,4,medium,这类门店不仅卖货，更在运营身份认同。,影石可把旗舰体验点做成内容与社群空间。,codex-recover,seeded_with_inference,2026/06/09,reference,公开参考页
Arc'teryx,P1,China,China,Arc'teryx 门店查询入口,store_experience,ongoing,2026/06/09,2026/06/09,2026/06/09,official store locator,https://arcteryx.com/cn/zh/store-locator,,,,offline,premium outdoor retail,no,,,public,,premium outdoor users,门店查询与高客单转化,,,,,,,4,medium,这类入口是高客单产品线下转化的基础。,影石可在高端产品线里加强门店入口。,codex-recover,seeded_with_inference,2026/06/09,entry,转化入口页
Arc'teryx,P1,China,China,Arc'teryx Explore 内容入口,community_operation,ongoing,2026/06/09,2026/06/09,2026/06/09,official explore page,https://arcteryx.com/cn/zh/explore,,,,online,outdoor content / community,yes,,,public,,outdoor enthusiasts; aspirational users,内容阵地与身份运营,,,,,,,3,medium,内容阵地更偏长期运营和品牌认同。,影石可打造品牌内容志。,codex-recover,seeded_with_inference,2026/06/09,entry,转化入口页
Arc'teryx,P1,China,China,始祖鸟蛇根洞世界级攀岩场地启用,city_activation,ongoing,2026/06/09,2026/06/09,2026/06/09,SGB community climbing coverage,https://sgbonline.com/arcteryx-opens-chinas-first-world-class-climbing-site-at-shegeng-cave/,,China,蛇根洞攀岩地,offline,outdoor climbing / community,no,,,public,,climbers; outdoor enthusiasts,场地活动与专业社群,,,,,,,4,medium,这种场地级合作非常适合建立专业权威。,影石可做运动基地合作试拍。,codex-recover,seeded_with_inference,2026/06/09,reference,公开参考页
Arc'teryx,P1,China,China,始祖鸟山地课堂 × 小红书第二现场,community_operation,ongoing,2026/06/09,2026/06/09,2026/06/09,award case coverage,https://winner.roifestival.com/cn/winners/detail/98aa5nij,,,,online,community education / xiaohongshu,no,,,public,,outdoor beginners; climbers,小红书放大线下专业课堂,,,,,,,5,medium,始祖鸟把小红书用成线下课堂的放大器，非常值得重点研究。,影石可把线下体验课和社媒内容阵地联动起来。,codex-recover,seeded_with_inference,2026/06/09,reference,公开参考页
lululemon,P1,China,China,lululemon 门店社群课入口,community_operation,ongoing,2026/06/09,2026/06/09,2026/06/09,official content page,https://www.lululemon.cn/article-l-43.html,,,,offline,women's activewear / community,no,,,public,,young women; yoga users,门店课程与社群报名,,,,,,,5,medium,课程型活动对复访和社区沉淀特别有效。,影石可做固定频次的创作工作坊。,codex-recover,seeded,2026/06/09,entry,转化入口页
lululemon,P1,China,China,lululemon 618 活动页,member_benefit,completed,2026/06/01,2026/06/18,2026/06/09,official campaign page,https://www.lululemon.cn/active-1121.html,,,,online,women's activewear / ecommerce,yes,,,public,,price-sensitive members,品牌大促与复购刺激,,campaign offers,,,,,4,medium,购物节是复购刺激最强的短周期节点。,影石可建立大促活动页模板。,codex-recover,seeded_with_inference,2026/06/09,detail,官方活动页
lululemon,P1,China,China,lululemon 城市门店社群活动周,community_operation,completed,2025/11/01,2025/11/30,2026/06/09,media coverage on city community activation,https://www.vogue.com.cn/fashion/brand_news/news_125158e7dd2109d1.html,,,,offline,women's activewear / lifestyle,no,,,public,,community fitness users,城市社群活动周与门店复访,,,,,,,5,medium,一月一主题式社群活动适合做复访。,影石可做月度门店主题体验周。,codex-recover,seeded,2026/06/09,reference,公开参考页
Nike,P1,China,China,Nike 专属活动与免邮权益,member_service_activity,completed,2025/06/09,2025/06/09,2026/06/09,official help article,https://www.nike.com/help/a/member-benefits,,,,hybrid,sportswear / member retention,yes,,,public,,young sports users; runners,专属活动与长期留存,,,,,,,4,medium,会员活动+生日礼+免邮非常适合长期留存。,影石可做活动优先权和免运费权益。,codex-recover,seeded_with_inference,2026/06/09,entry,转化入口页
Arc'teryx,P1,China,China,始祖鸟专业场地合作,city_activation,ongoing,2026/06/09,2026/06/09,2026/06/09,SGB community climbing coverage,https://sgbonline.com/arcteryx-opens-chinas-first-world-class-climbing-site-at-shegeng-cave/,,,,offline,outdoor climbing / community,no,,,public,,climbers; outdoor enthusiasts,场地活动与专业社群,,,,,,,4,medium,场地级合作非常适合建立专业权威。,影石可做运动基地合作试拍。,codex-recover,seeded,2026/06/09,reference,公开参考页
Huawei,P0,China,China,华为发布 HUAWEI Pura 80 系列，让影像远超想象,product_launch,completed,2025/06/11,2025/06/11,2026/06/15,official news article,https://consumer.huawei.com/cn/press/news/2025/huawei-launches-huawei-pura80-series/,,上海,发布会 / 华为商城,hybrid,imaging flagship / smartphone,no,发布会后承接商城购买与线下体验,发布会热度可承接到门店顾问与社群,公开观看,发布会传播 -> 产品页 -> 商城购买/门店体验,mobile imaging users; creators,影像旗舰发布 + 产品体验,影像话题传播,新品首发关注与到店试用,,影像旗舰,发布会传播与媒体关注,产品页与商城购买链路清晰,5,medium,发布会把影像旗舰叙事、华为商城购买和线下体验链路一起打通。,影石可把新品发布、试拍预约和商城转化放进同一条发布链路。,codex-refresh,seeded,2026/06/15,detail,活动详情页
Huawei,P1,China,China,首款鸿蒙 AI 智能手表 HUAWEI WATCH 5 发布，重绘智慧未来新图景,product_launch,completed,2025/06/11,2025/06/11,2026/06/15,official news article,https://consumer.huawei.com/cn/press/news/2025/huawei-launches-huawei-watch5/,,上海,发布会 / 华为商城,hybrid,wearable / health ecosystem,no,新品发布后可承接商城与门店体验,穿戴体验可延伸到门店顾问与会员服务,公开观看,发布会传播 -> 产品页 -> 商城购买/门店试戴,sports users; wearable users,鸿蒙 AI 穿戴新品发布,健康生活方式话题传播,新品首发关注与试戴,,智能手表,新品关注与媒体讨论,商城与门店试戴入口明确,4,medium,穿戴新品把健康场景叙事和零售体验一起做，适合拉动到店试用。,影石可把轻量新品做成场景演示加门店上手体验的组合。,codex-refresh,seeded,2026/06/15,detail,活动详情页
Huawei,P0,China,China,2025 华为影像大赛全球正式开赛：让每个人感受到影像的力量,ugc_creator_competition,active,2025/06/11,2025/12/31,2026/06/15,official news article,https://consumer.huawei.com/cn/press/news/2025/xmage-awards-2025-open-for-entry/,,全球 / 中国区,官网投稿入口,hybrid,mobile imaging / creator community,no,投稿带动持续内容参与与品牌关系沉淀,投稿与评选可承接创作者社群,公开报名投稿,官网报名投稿 -> 社群传播 -> 评选与展映,mobile creators; photography lovers,UGC 征集 + 赛事评选,作品投稿与二次传播,赛事荣誉与作品曝光,,影像大赛,投稿与话题扩散,创作者线索沉淀与后续复访,5,medium,官方赛事把投稿、内容传播和品牌社区沉淀组合成了长期留资入口。,影石可做年度创作征集，并把投稿页与会员/社群承接打通。,codex-refresh,seeded,2026/06/15,detail,活动详情页
Xiaomi,P0,China,China,小米 FRIEND 会员规则-6月,member_service_activity,active,2026/06/01,2026/06/15,2026/06/15,official membership page,https://www.mi.com/article/detail/d8c2a98d9cd4.html,,全国,小米商城 / 小米之家,hybrid,membership / retail,yes,会员资格、续卡、门店消费与设备绑定权益,商城与门店消费都可并入会员身份经营,满足消费或设备条件,登录小米账号 -> 达标领取会员 -> 享受权益,mi fans; smart home users,消费达标 + 设备绑定换取会员权益,,会员身份、续卡资格与专属权益,,会员规则,商城与门店统一会员规则,消费与设备绑定同时拉动复购,5,medium,把商城消费、小米之家门店消费和设备绑定统一折算成会员资格，复购牵引非常强。,影石可把门店消费、设备激活和社群任务并成会员升级条件。,codex-refresh,seeded,2026/06/15,reference,活动规则或说明页
Samsung,P1,China,China,三星商城促销活动,member_benefit,active,2026/06/10,2026/06/30,2026/06/15,official campaign page,https://www.samsung.com/cn/offer/,,全国,三星商城,online,smartphone / tablet / appliance retail,no,官网促销活动、优惠券、补贴集中承接,,公开访问,活动总入口 -> 品类活动页 -> 下单转化,electronics shoppers,活动总入口聚合多品类促销,,促销、券包、补贴,,商城促销,大促与新品活动集合,活动页到商品页转化路径短,4,low,把所有促销和新品活动集中在一个总入口，适合承接大促与新品组合转化。,影石可做统一活动总入口，把新品、配件券和会员礼集中收口。,codex-refresh,seeded_with_inference,2026/06/15,detail,官方活动页
Samsung,P1,China,China,三星小时达,store_experience,active,2026/06/08,2026/06/20,2026/06/15,official campaign page,https://www.samsung.com/cn/offer/samsung-home/,,全国主要城市,三星门店 / 同城闪送,hybrid,retail fulfillment / smartphone,no,门店自提、同城闪送、赠品后送,门店履约可延伸售后与会员触达,公开访问,活动页选择地址 -> 门店自提/闪送 -> 下单支付,urban electronics buyers,线上下单 + 门店履约,,同城闪送、门店自提、促销权益,,小时达,快速履约与门店服务,下单到提货链路缩短,5,medium,把线上下单和附近门店履约连接起来，显著缩短了从兴趣到拿货的时间。,影石可做门店现货、同城试拍后即购和门店自提模型。,codex-refresh,seeded_with_inference,2026/06/15,detail,官方活动页
Samsung,P1,China,China,三星以旧换新,member_benefit,active,2026/06/08,2026/06/30,2026/06/15,official campaign page,https://www.samsung.com/cn/offer/trade-in/,,全国,三星商城,hybrid,device upgrade / trade-in,no,旧机回收补贴与换新抵扣,,旧机回收金额达标,进入换新页 -> 评估旧机 -> 领取补贴 -> 下单新机,upgrade users,以旧换新补贴,,换新补贴,,以旧换新,补贴政策与型号覆盖,直接牵引升级购买,5,low,旧机回收补贴直接拉动升级购买，是非常强的转化型活动页。,影石可做旧机升级、配件置换或以旧换新补贴活动。,codex-refresh,seeded_with_inference,2026/06/15,detail,官方活动页
NIO,P0,China,China,蔚来中心用户社区空间入口,store_experience,active,2026/06/15,2026/06/15,2026/06/15,official community page,https://www.nio.cn/nio-house,,全国,NIO House,offline,community space / retail,no,休息区、活动空间与用户社群承接,门店空间可持续沉淀用户关系,公开访问,查看门店列表 -> 到店体验 -> 参加用户活动,premium EV users; community members,门店空间 + 用户社群活动,,社区归属感与到店体验,,NIO House,地标门店与用户聚集,把到店停留变成长期社区关系,5,medium,把门店做成长期社群空间，而不是一次性销售点，复访和内容沉淀能力很强。,影石可做城市影像空间，固定承接创作课、用户会和新品试拍。,codex-refresh,seeded_with_inference,2026/06/15,entry,转化入口页
NIO,P0,China,China,预约试驾-NIO 蔚来官网,test_drive_booking,active,2026/06/15,2026/06/15,2026/06/15,official test-drive page,https://www.nio.cn/test-drive,,全国,蔚来门店 / 试驾路线,hybrid,vehicle trial / sales conversion,no,预约后由蔚来专家讲解产品与服务,预约线索可继续沉淀到顾问与用户社群,提交姓名与电话,填写预约信息 -> 分配门店与专家 -> 到店试驾,high intent EV buyers,预约试驾 + 专家讲解,,专家讲解与近距离体验,,预约试驾,表单提交与专家跟进,线索收口非常直接,5,low,试驾页只收最核心的信息，成交动作直接，特别适合高意向用户承接。,影石可直接复用为预约试拍、预约讲解和预约门店体验入口。,codex-refresh,seeded,2026/06/15,entry,转化入口页
BYD,P0,China,China,比亚迪郑州赛车场,store_experience,active,2026/06/15,2026/06/15,2026/06/15,official campaign page,https://www.byd.com/cn/race-track/race-zhengzhou,,河南省,比亚迪郑州赛车场,offline,vehicle driving experience,no,麋鹿测试、金卡纳、智能泊车、AEB 等体验项目,体验后可继续沉淀预约试驾与门店线索,公开访问,查看赛车场页 -> 预约试驾/体验 -> 到场参与,driving enthusiasts; family buyers,驾驶体验区 + 品牌活动,,多项目体验与品牌活动,,赛车场,低门槛体验与活动聚集,把兴趣流量导向门店与试驾,5,medium,把驾驶体验、品牌活动和试驾统一装进赛车场，能持续吸引到店体验。,影石可做运动基地、滑板场或骑行营地的试拍合作活动。,codex-refresh,seeded_with_inference,2026/06/15,detail,官方活动页
BYD,P0,China,China,比亚迪合肥赛车场,store_experience,active,2026/06/15,2026/06/15,2026/06/15,official campaign page,https://www.byd.com/cn/race-track/race-hefei,,安徽省,比亚迪合肥赛车场,offline,vehicle driving experience,no,全民可参与的新能源汽车全地形体验,体验后可转化到试驾和门店跟进,公开访问,查看赛车场页 -> 预约试驾/体验 -> 到场参与,driving enthusiasts; family buyers,低门槛赛车场体验,,全地形体验与品牌活动,,赛车场,全民体验与品牌空间,线下体验后转化到门店与试驾,5,medium,用低门槛、可反复参加的场地体验强化品牌黏性，比一次性发布会更能做持续转化。,影石可做固定场地体验日，让用户反复到场试拍、社交和购买。,codex-refresh,seeded_with_inference,2026/06/15,detail,官方活动页
CHAGEE,P1,China,China,霸王茶姬茶小象世界旅行：抽10万张0.01元券,member_benefit,completed,2026/06/05,2026/06/14,2026/06/15,marketing media coverage,https://m.haikou.bendibao.com/youhui/82649.shtm,,全国,微信小程序,hybrid,tea beverage / mini-program,yes,0.01元饮品券抽奖与多次参与机会,小程序参与后可继续导入社群或会员池,注册或登录小程序,进入小程序活动页 -> 抽券 -> 到店核销,young tea beverage users,小游戏抽券 + 到店核销,社交分享提升参与率,10万张0.01元券,茶小象 IP,世界旅行小游戏,低门槛高频参与,抽券后导向门店消费和复购,4,low,典型的小程序轻互动拉新模型，用超低门槛券包把线上参与直接导到门店核销。,影石可做节日前的小游戏抽券，把配件券或试拍券直接导流到门店。,codex-refresh,seeded_with_inference,2026/06/15,reference,公开参考页
Nayuki,P1,China,China,奈雪的茶 × 麦兜答题抽免单,brand_collab_offline_activation,completed,2026/05/27,2026/06/01,2026/06/15,marketing media coverage,https://sz.bendibao.com/youhui/2026528/1003331.shtm,,全国,微信小程序 / 门店核销,hybrid,tea beverage / IP collaboration,yes,答题抽免单和联名互动权益,联名活动参与后可继续沉淀会员与社群,进入奈雪小程序参与答题,小程序答题 -> 抽奖 -> 到店核销,young female users; IP lovers,IP 联名 + 小程序答题抽奖,联名内容分享,免单机会与联名热度,麦兜,联名答题互动,用户答题和抽奖互动,奖品与门店消费绑定,4,medium,把 IP 联名和小程序答题结合，既有传播感，也有非常清晰的门店核销动作。,影石可用 IP 或创作者联名做答题抽奖，再把权益落到门店试拍或券包核销。,codex-refresh,seeded_with_inference,2026/06/15,reference,公开参考页
Nayuki,P1,China,China,奈雪的茶 × 麦兜联名：198家门店主题店与快乐宝宝节,brand_collab_offline_activation,completed,2026/06/01,2026/06/08,2026/06/15,business media coverage,https://www.ebrun.com/20260602/672153.shtml,,全国,198家主题店,offline,tea beverage / offline retail,no,主题店打卡和节日限定联名体验,主题店活动后可二次触达会员与复购,公开到店,看到联名宣发 -> 到店打卡 -> 购买联名产品,young families; IP lovers,主题店改造 + 节日联名打卡,门店打卡晒图,联名限定体验,麦兜,主题店 / 快乐宝宝节,线下打卡与社交传播,主题店到店消费与二次复访,5,medium,把 IP 联名做成全国多店同发的主题店活动，特别适合放大节日窗口到店流量。,影石可在端午或父亲节做多城快闪门店陈列，加上打卡位和限定权益。,codex-refresh,seeded_with_inference,2026/06/15,reference,公开参考页
ChaPanda,P1,China,China,茶百道猜拳赢好礼：最高领20元喝奶茶金,community_operation,completed,2026/06/05,2026/06/11,2026/06/15,marketing media coverage,https://hz.bendibao.com/youhui/202665/171137.shtm,,全国,微信小程序 / 企业微信群,hybrid,tea beverage / mini-program,yes,20元喝奶茶金和社群互动福利,活动信息在企业微信群持续触达,加入群聊并进入小程序,群里领活动信息 -> 小程序猜拳 -> 领取喝奶茶金 -> 到店核销,price-sensitive tea users,社群触达 + 小程序猜拳,,20元喝奶茶金,,猜拳小游戏,社群频繁触达,券包直接拉动到店核销,5,low,把企业微信社群触达和小程序小游戏结合，特别适合做节日前的快速回流。,影石可做企微社群专属小游戏券包，先激活老会员再导流到门店。,codex-refresh,seeded_with_inference,2026/06/15,reference,公开参考页
Guming,P1,China,China,古茗连续五天猜口令抢免单,member_benefit,completed,2026/06/08,2026/06/12,2026/06/15,marketing media coverage,https://m.jm.bendibao.com/news/16359.shtm,,全国,小程序 / 门店核销,hybrid,tea beverage / mini-program,yes,免单机会与连续5天活动参与感,连续活动适合沉淀成会员日常触达,进入小程序并输入口令,获取口令 -> 小程序参与 -> 领取奖励 -> 门店核销,daily tea drinkers,连续任务 + 口令互动 + 免单激励,口令传播,免单,,连续5天活动,连续打卡与口令传播,高频到店核销与复购,4,low,连续五天滚动运营让用户形成惯性参与，很适合节日前做小周期高频触达。,影石可在端午前做连续3-5天的口令解锁券包，保持日更型触达。,codex-refresh,seeded_with_inference,2026/06/15,reference,公开参考页
Auntea Jenny,P1,China,China,沪上阿姨集卡赢四重香椰玛奇朵1元新品券,member_benefit,completed,2026/05/20,2026/05/26,2026/06/15,marketing media coverage,https://m.haikou.bendibao.com/youhui/82113.shtm,,全国,微信/支付宝小程序 / 企业微信群,hybrid,tea beverage / new product,yes,1元新品券与群内高频触达,企业微信群每日推送集卡机会,进入小程序并参加集卡,群触达 -> 小程序集卡 -> 领券 -> 到店核销新品,young female beverage users,集卡任务 + 新品券核销,,1元新品券,,集卡 / 新品券,每日集卡与社群提醒,直接拉新品到店试饮和后续复购,5,low,非常标准的“社群提醒 + 小程序集卡 + 低价新品券”新品引爆模型。,影石可把新品配件或新机体验做成集章/集卡换试拍券，再引导到店。,codex-refresh,seeded_with_inference,2026/06/15,reference,公开参考页
Huawei,P0,China,China,2026 华为影像大赛全球开赛，此刻由你掌镜，共赴移动影像创作新程,ugc_creator_competition,active,2026/03/23,2026/12/31,2026/06/22,official news article,https://consumer.huawei.com/cn/press/news/2026/huawei-xmage-awards-2026-open-call-for-entries/,,全球 / 中国区,官网投稿入口,hybrid,mobile imaging / creator community,no,作品投稿、赛事荣誉与持续内容沉淀,投稿后可承接创作者社群与后续活动邀请,公开投稿,官网报名投稿 -> 作品传播 -> 评选与展映,mobile creators; photography lovers,年度影像赛事征集,作品投稿与话题传播,赛事荣誉与曝光,XMAGE,影像大赛,投稿与作品扩散,创作者线索沉淀与社区回流,5,medium,这是高质量的长期创作者征集机制，兼顾内容传播、社群沉淀和年度品牌资产积累。,影石可做年度创作征集，把投稿、门店展映和会员活动串成完整链路。,codex-refresh,seeded,2026/06/22,detail,活动详情页
Huawei,P1,China,China,2026 XMAGE 共见・深圳启幕 颁发首批“华为影像 XMAGE 特约摄影师”,city_activation,completed,2026/05/16,2026/05/16,2026/06/22,official news article,https://consumer.huawei.com/cn/press/news/2026/xmage-event-sz/,,深圳,城市影像活动,offline,mobile imaging / city event,no,摄影师认证、城市活动参与和内容曝光,线下影像活动可承接本地创作者社群,公开参与/受邀,活动宣发 -> 到场参与 -> 内容扩散,photographers; creator community,城市影像活动 + 摄影师认证,现场创作与内容传播,摄影师认证与曝光,XMAGE,城市影像活动,城市活动与摄影圈层讨论,创作者关系沉淀和后续活动承接,4,medium,把城市事件、摄影圈层和认证机制结合，适合做本地创作者社区运营。,影石可做城市影像巡回活动，把本地创作者认证、试拍和社群关系一起做。,codex-refresh,seeded,2026/06/22,detail,活动详情页
CHAGEE,P1,China,China,霸王茶姬抽奶茶免单、毛绒挂件活动,member_benefit,completed,2026/05/13,2026/05/20,2026/06/22,marketing media coverage,https://www.sohu.com/a/1022328074_121123818,,全国,霸王茶姬小程序 / 门店核销,hybrid,tea beverage / mini-program,yes,0.01元兑换券、买一赠一券、毛绒挂件抽奖,小程序抽奖后可承接会员和复购触达,登录小程序,小程序活动入口 -> 抽奖 -> 到店核销,young tea beverage users,小程序抽奖 + 到店核销 + 周边奖励,毛绒挂件晒图传播,0.01元券 / 买一赠一 / 周边挂件,茶小象,毛绒挂件 / 低门槛抽奖,每天登录抽奖,持续到店核销和二次复购,4,low,低门槛抽奖叠加实物周边，对年轻用户拉新和连续复访很有效。,影石可做节日前连续抽奖，用试拍券、配件券和联名周边带动回流。,codex-refresh,seeded_with_inference,2026/06/22,reference,公开参考页
Auntea Jenny,P1,China,China,沪上阿姨10万份0.01元尝新券,member_benefit,completed,2026/05/15,2026/05/17,2026/06/22,marketing media coverage,https://www.sohu.com/a/1022328074_121123818,,全国,沪上阿姨小程序 / 门店核销,hybrid,tea beverage / new product,yes,10万份0.01元新品尝新券,活动入口可持续沉淀到会员触达,进入小程序参与,小程序活动入口 -> 抢券/抽券 -> 到店核销新品,young female beverage users,低价尝新券 + 新品引流,,0.01元尝新券,,尝新券 / 新品试饮,低门槛抢券,新品到店试饮和后续复购,5,low,0.01元尝新券对新品转化非常直接，适合快速引爆到店试用。,影石可做新品体验券或限时配件尝鲜券，用超低门槛换到店试拍。,codex-refresh,seeded_with_inference,2026/06/22,reference,公开参考页
Samsung,P1,China,China,三星以旧换新夏季档（2026年6月22日起）,member_benefit,active,2026/06/22,2026/06/30,2026/06/26,official campaign page,https://www.samsung.com/cn/offer/trade-in/,,全国,三星商城 / 回收门店,hybrid,smartphone / appliance trade-in,yes,至高1000元换新补贴与一站式回收服务,,三星会员ID / 回收旧机,活动页进入 -> 旧机估价 -> 下单新机 -> 上门/快递回收,upgrade users; existing Samsung owners,旧机回收补贴 + 新机购买转化,,至高1000元补贴,,以旧换新 / 夏季档,回收估价与补贴政策,升级购买链路短且补贴明确,5,low,活动时间和补贴梯度写得很清楚，属于典型的高转化升级型活动页。,影石可做以旧换新夏季档，把旧机回收、配件补贴和门店试拍统一打包。,codex-refresh,seeded,2026/06/26,detail,官方活动页
Samsung,P1,China,China,三星14天无忧试用服务,member_service_activity,active,2026/06/26,2026/07/31,2026/06/26,official campaign page,https://www.samsung.com/cn/offer/galaxy-try-buy/,,全国,三星商城 / 图腾小程序,hybrid,smartphone / wearable trial,yes,14天试用资格与多机型体验名额,试用后可进一步承接购买与会员触达,保证金与名额限制,活动页浏览机型 -> 立即试用 -> 小程序预约退回或转购买,high-intent premium users,先试后买 + 限量名额 + 保证金机制,,14天试用体验,,无忧试用,限量名额与多机型试用,先体验后购买的决策链路更完整,5,medium,先试后买对高客单价产品特别有效，适合降低决策门槛。,影石可做7天试拍或限量试用机制，把高意向用户从观望推到门店体验。,codex-refresh,seeded,2026/06/26,detail,官方活动页
NIO,P0,China,China,NIO App 活动报名与车友社群入口,community_operation,active,2026/06/26,2026/06/26,2026/06/26,official community page,https://www.nio.cn/nio-app,,全国,NIO App,hybrid,community app / user operations,yes,App 报名活动、加入社群、积分与服务承接,官方活动报名与车友社群关系长期沉淀,下载并登录NIO App,进入 App -> 浏览官方频道 -> 报名活动 / 加入社群,NIO owners; community members,App 社区 + 活动报名 + 车友社群,车主内容分享,积分 / 活动资格 / 社群关系,,社区 App,官方资讯与活动报名并存,把内容消费转成活动报名和社群加入,5,medium,把资讯、活动报名、车友关系和服务放在一个 App 里，长期留存能力非常强。,影石可以强化 App 或小程序中的活动报名区，让内容浏览直接转报名和入群。,codex-refresh,seeded,2026/06/26,entry,转化入口页
OnePlus,P1,China,China,2026「一加杯」和平精英高校赛,community_operation,active,2026/06/26,2026/08/31,2026/06/26,official campaign page,https://www.oneplus.com/cn/yijiabei,,全国,官网报名 / 线下总决赛,hybrid,gaming phone / youth community,no,报名参赛、赢奖金、积分与换机权益,赛事报名后可持续导入电竞与加油社区,进入官网活动页并完成报名,官网活动页 -> 查看赛制与赛程 -> 报名参赛 -> 晋级与线下决赛,young gamers; esports fans,全国赛事 + 奖金激励 + 社区运营,赛事内容传播与玩家晒图,10万奖金 / 全国大赛积分 / 换机权益,和平精英,高校电竞赛,官方赛事页、赛制赛程与高校人群关注,赛事报名与后续社区沉淀链路清晰,4,medium,赛事型活动对年轻人群的拉新和社群沉淀特别有效，尤其适合品牌做长期社区标签。,影石可做运动记录赛或城市挑战赛，把报名、作品上传和门店体验串起来。,codex-refresh,seeded,2026/06/26,detail,活动详情页
Huawei,P1,China,China,华为服务日,member_service_activity,active,2026/01/01,2026/12/31,2026/06/26,official service activity page,https://consumer.huawei.com/cn/support/activity-list/,,全国,华为服务店 / 我的华为 App,hybrid,after-sales / member loyalty,no,免费贴膜、维修免人工费、免费外观清洁保养等到店服务权益,我的华为 App 活动页与服务门店承接,到店或在我的华为 App 查看活动门店,活动页查看规则与门店 -> 到店参与服务 -> 留存到店用户与后续回访,Huawei device users; existing users,固定服务日 + 到店售后 + 用户回访,,免费贴膜 / 免人工费 / 清洁保养,,服务日,固定周期活动与门店服务触点,到店服务回访可反哺会员留存与后续复购,5,low,固定周期的服务权益活动非常适合把售后流量重新拉回门店，并顺带完成会员触达与口碑修复。,影石可做月度服务日，把设备体检、清洁保养、配件优惠和会员回访组合成固定到店机制。,codex-refresh,seeded,2026/06/26,detail,活动详情页
OPPO,P0,China,China,OPPO 2026 影像大赛,ugc_creator_competition,active,2026/04/21,2026/11/20,2026/06/27,official campaign page,https://lumo.oppo.com/cn/,,中国区 / 全球投稿,LUMO 影像活动页,online,mobile imaging / creator community,no,投稿参赛、影像曝光与年度评选资格,投稿后可沉淀到官方社区与影像兴趣用户池,进入活动页并按赛道投稿,官方活动页 -> 选择赛道 -> 投稿作品 -> 参与评选与传播,mobile photographers; young creators,年度影像赛事 + 作品投稿 + 社区传播,作品投稿、话题传播与年度评选,奖项荣誉 / 曝光 / 投稿激励,,影像大赛,年度赛事、赛道设置与投稿机制完整,用投稿把内容兴趣沉淀到社区与长期关系运营,5,medium,影像大赛不是单次传播，而是长期拉动创作者投稿、话题扩散和品牌社区沉淀的机制。,影石可做年度创作挑战赛，把投稿、社群、线下展映和会员权益打通。,codex-refresh,seeded,2026/06/27,detail,活动详情页
NIO,P0,China,China,蔚来 ES8 预订选配与限时权益,member_app_presale,active,2026/06/28,2026/07/31,2026/06/27,official configurator page,https://www.nio.cn/configurator/ES8?newVersion=2&source=liaojiexiangqing,,全国,官网选配器 / App 订购入口,hybrid,premium EV / member presale,yes,限时订购权益、选装基金与老用户专属权益,订购后可继续沉淀到车主社群、顾问与 App 体系,进入官方选配页并选择车型配置,官方选配页 -> 选择配置与权益 -> 提交订购 -> 顾问与 App 后续承接,premium family users; existing NIO users,新品预订 + 限时权益 + 老用户承接,,限时订购权益 / 选装基金,,限时订购权益,官方选配器展示车型配置、价格与限时权益,配置选择直接推进订购，并承接到 App 与顾问体系,4,medium,新品上线时把限时权益和老用户利益放在同一页，能明显提高高意向用户的下单效率。,影石可在新品发售页同步给出限时权益、老用户升级礼和门店试拍预约入口。,codex-refresh,seeded,2026/06/27,entry,转化入口页
vivo,P0,China,China,vivo 618限时返场,member_benefit,active,2026/06/18,2026/06/30,2026/06/28,official campaign page,https://cmsapi.vivo.com.cn/activity/link/618PC,,全国,vivo 官方商城活动页,online,smartphone / ecommerce promotion,no,限时返场优惠、补贴与商城活动权益,商城活动页可承接会员登录、券包与下单转化,进入官方活动页并参与商城购买,官方活动页 -> 浏览返场机型与优惠 -> 进入商品页 -> 下单购买,electronics shoppers; price-sensitive upgrade users,限时返场 + 优惠补贴 + 商城转化,,限时返场优惠 / 补贴 / 赠品,,618返场,官方活动总入口与返场主题明确,从活动页到商品页的购买链路短,4,low,返场活动适合承接大促尾声流量，用明确优惠和短链路购买页继续收口转化。,影石可做大促返场页，把热门机型、配件券和会员限时权益集中收口。,codex-refresh,seeded,2026/06/28,detail,活动详情页
vivo,P1,China,China,vivo 生日福利领取入口,member_benefit,active,2026/01/01,2026/12/31,2026/06/28,official membership help page,https://www.vivo.com.cn/service/questions/all?categoryId=148&questionId=960,,全国,vivo 官网 / 会员板块,online,membership / repeat purchase,yes,生日福利、会员权益领取与回访触达,会员身份识别后可继续承接券包与商城转化,登录会员并在生日权益周期内领取,会员帮助页了解规则 -> 登录会员账户 -> 领取生日福利 -> 回流商城或服务权益,existing vivo members; repeat buyers,生日福利 + 会员回访 + 复购激励,,生日福利 / 会员专属权益,,生日福利,会员帮助页持续承接会员权益查询,生日福利适合做老用户回访与复购刺激,4,low,生日福利是轻量但长期有效的会员复购机制，能在不增加重资产活动的情况下做持续回访。,影石可做会员生日月福利、专属券包和到店试拍礼，增强老用户回访。,codex-refresh,seeded,2026/06/28,entry,转化入口页
Apple,P0,China,China,Apple 夏令营登记通知页,community_operation,active,2026/06/30,2026/07/31,2026/06/30,official campaign page,https://www.apple.com/cn/retail/camp/,,全国 Apple Store,Apple Store 零售店,hybrid,retail education / youth creativity,no,登记后接收开放报名通知并参与线下暑期课程,通知登记页承接后续报名与到店参与,在页面登记电子邮件接收开放通知,官方活动页 -> 登记接收通知 -> 开放报名后选择门店与课程 -> 到店参加,parents; children aged 6-10; family users,暑期课程通知登记 + 门店创作教育 + 到店体验,儿童创作课程与现场体验,暑期课程名额 / 报名通知,Today at Apple,夏令营 / 创作课程,官方夏令营专题页与通知登记入口明确,先留资通知再到店报名，适合把兴趣用户导入门店课程,5,medium,Apple 夏令营先用通知登记收集高意向家庭用户，再在门店落地创作课程，是典型的教育型到店机制。,影石可做暑期创作营或亲子记录营，先收集报名通知，再分城市开放门店课程与体验。,codex-refresh,seeded,2026/06/30,detail,活动详情页
